CVE/EDB ID,Program Name,Version,Year,Vulnerability Type,POC,Virtual Machine,Directory,Binary Directory,Core File Directory,POC supplement,Note,,,,,,,,,,,,
CVE-2001-0144,sshd,1.2.31,2001,Integer Overflow,http://www.securityfocus.com/bid/2347,-,-,-,-,,,,,,,,,,,,,,
CVE-2001-0550,wu-ftpd,2.6.0,2001,Invalid Free,https://www.exploit-db.com/exploits/348/,Ubuntu10.04,/home/exploit/wu-ftpd-2.6.0,/home/exploit/wu-ftpd-2.6.0/src/ftpd,/home/exploit/wu-ftpd-2.6.0/wuftpd.core,,,,,,,,,,,,,,
CVE-2002-0656,openssl,0.9.6d,2002,Heap Overflow,http://www.phreedom.org/research/exploits/apache-openssl/,-,-,-,-,,,,,,,,,,,,,,
CVE-2002-1496,null httpd,0.5.0,2002,Heap Overflow,https://www.exploit-db.com/exploits/21818/,Ubuntu8.10,/home/exploit/nullhttpd-0.5.0,/home/exploit/nullhttpd-0.5.0/httpd/bin/httpd,/home/exploit/nullhttpd-0.5.0/httpd/bin/nullhttpd.core,,,,,,,,,,,,,,
CVE-2002-1896,alsaplayer,0.99.76,2002,Stack Overflow,https://www.exploit-db.com/exploits/21814/,Ubuntu10.04,/home/exploit/alsaplayer/,/home/exploit/alsaplayer/alsaplayer-0.99.76/app/alsaplayer,/home/exploit/alsaplayer/core.21814,,,,,,,,,,,,,,
CVE-2004-0238,0verkill,0.16,2004,Stack Overflow,https://www.exploit-db.com/exploits/23634/,Ubuntu11.04,/home/dzm77/0verkill/0verkill-exploit,/home/dzm77/0verkill/0verkill-exploit/0verkill,/home/dzm77/0verkill/0verkill-exploit/core,,,,,,,,,,,,,,
CVE-2004-0557,SoX,12.17.4,2004,Stack Overflow,http://downloads.securityfocus.com/vulnerabilities/exploits/s0x_poc.c,CentOS6.5,/home/core/sox,/home/core/sox/sox-12.17.4/sox,/home/core/sox/sox.core.1,,,,,,,,,,,,,,
CVE-2004-0557,SoX,12.17.4,2004,Stack Overflow,https://www.exploit-db.com/exploits/369/,CentOS6.5,/home/core/sox,/home/core/sox/sox-12.17.4/sox,/home/core/sox/sox.core.2,,,,,,,,,,,,,,
CVE-2004-0557,SoX,12.17.4,2004,Stack Overflow,https://www.exploit-db.com/exploits/374/,CentOS6.5,/home/core/sox,/home/core/sox/sox-12.17.4/sox,/home/core/sox/sox.core.3,,,,,,,,,,,,,,
CVE-2004-0597,libpng,1.2.5,2004,Stack Overflow,https://www.exploit-db.com/exploits/389/,Ubuntu11.04,/home/dzm77/libpng/libpng-1.2.5,/home/dzm77/libpng/libpng-1.2.5/pngslap,/home/dzm77/libpng/libpng-1.2.5/core,https://github.com/BuddhaLabs/PacketStorm-Exploits/blob/master/0408-exploits/pngslap.c,https://packetstormsecurity.com/files/34020/pngslap.c.html,,,,,,,,,,,,
CVE-2004-0597,libpng,1.2.5,2004,Stack Overflow,http://www.securityfocus.com/bid/10857/exploit,Ubuntu11.04,/home/dzm77/libpng/libpng-1.2.5,/home/dzm77/libpng/libpng-1.2.5/pngtest,smashing stack detected,http://scary.beasts.org/misc/pngtest_bad.png,,,,,,,,,,,,,
CVE-2004-0597,libpng,1.2.5,2004,Integer Overflow | Stack Overflow,https://www.exploit-db.com/exploits/393/,Ubuntu11.04,/home/dzm77/libpng/libpng-1.2.5,-,-,,,,,,,,,,,,,,
CVE-2004-0990,libgd,2.0.28,2004,Integer Overflow,https://www.exploit-db.com/exploits/600/,CentOS6.5,/home/core/gd,/home/core/gd/gd-2.0.28/.libs/lt-gdtest,/home/core/gd/core.12485,,,,,,,,,,,,,,
CVE-2004-1120,prozilla,1.3.6,2004,Stack Overflow,https://www.exploit-db.com/exploits/652/,Ubuntu11.04,/home/dzm77/prozilla,/home/dzm77/prozilla/prozilla-1.3.6/src/proz,/home/dzm77/prozilla/core.poc,,,,,,,,,,,,,,
CVE-2004-1120,prozilla,1.3.6,2004,Stack Overflow,https://bugs.gentoo.org/show_bug.cgi?id=70090#c3,Ubuntu11.04,/home/dzm77/prozilla,/home/dzm77/prozilla/prozilla-1.3.6/src/proz,/home/dzm77/prozilla/core.exploit,,,,,,,,,,,,,,
CVE-2004-1255,2Fax,3.04,2004,BSS/Data Overflow,https://www.exploit-db.com/exploits/24984/,CentOS6.5,/home/core/2fax,/home/core/2fax/2fax-3.04/2fax,/home/core/2fax/core.3330,http://securesoftware.list.cr.yp.to/archive/0/21,http://www.securityfocus.com/bid/11980/info,,,,,,,,,,,,
CVE-2004-1257,abc2mtex,1.6.1,2004,Stack Overflow,https://www.exploit-db.com/exploits/25018/,CentOS6.5,/home/core/abc2mtex,/home/core/abc2mtex/abc2mtex,/home/core/abc2mtex/core.14065,,,,,,,,,,,,,,
CVE-2004-1261,asp2php,0.76.23,2004,Stack Overflow,https://www.exploit-db.com/exploits/25016/,Ubuntu11.04,/home/dzm77/asp2php-0.76.23,/home/dzm77/asp2php-0.76.23/asp2php,-,http://www.securityfocus.com/bid/12014/exploit,http://securesoftware.list.cr.yp.to/archive/0/28,,,,,,,,,,,,
CVE-2004-1261,asp2php,0.76.23,2004,Stack Overflow,http://www.securityfocus.com/bid/12015/exploit,Ubuntu11.04,/home/dzm77/asp2php-0.76.23,/home/dzm77/asp2php-0.76.23/asp2php,-,http://securesoftware.list.cr.yp.to/archive/0/28,,,,,,,,,,,,,
CVE-2004-1262,bsb2ppm,0.0.6,2004,Stack Overflow,http://securesoftware.list.cr.yp.to/archive/0/13,Ubuntu11.04,/home/dzm77/libbsb-0.0.6,/home/dzm77/libbsb-0.0.6/bsb2ppm,-,,,,,,,,,,,,,,
CVE-2004-1265,Convex 3D,0.8pre1,2004,Stack Overflow,http://securesoftware.list.cr.yp.to/archive/0/15,Ubuntu11.04,/home/dzm77/convex3d-0.8pre1,/home/dzm77/convex3d-0.8pre1/convex-tool/convex-tool/,Fortify Source Detected,modify the source code to make compiled,,,,,,,,,,,,,
CVE-2004-1271,DXFScope,0.2,2004,Stack Overflow,https://www.exploit-db.com/exploits/24995/,CentOS6.5,/home/core/dxfscope,/home/core/dxfscope/dxfscope-0.2/dxfscope,/home/core/dxfscope/core.17699,,,,,,,,,,,,,,
CVE-2004-1275,HTML2HDML ,1.0.3,2004,Stack Overflow,https://www.exploit-db.com/exploits/25011/,CentOS6.5,/home/core/html2hdml,/home/core/html2hdml/html2hdml-1.0.3/html2hdml,/home/core/html2hdml/core.13688,http://securesoftware.list.cr.yp.to/archive/0/43,,,,,,,,,,,,,
CVE-2004-1278,jcabc2ps,20040902,2004,Stack Overflow,http://securesoftware.list.cr.yp.to/archive/0/48,Ubuntu11.04,/home/dzm77/pgn2web,/home/dzm77/pgn2web/pgn2web,-,https://sourceforge.net/projects/abc/files/jcabc2ps/2.0/jcabc2ps-20021002-src.tar.gz/download,,,,,,,,,,,,,
CVE-2004-1279,JPegToAvi,1.5,2004,Stack Overflow,https://www.exploit-db.com/exploits/24981/,CentOS6.5,/home/core/jpegtoavi,/home/core/jpegtoavi/jpegtoavi-1.5/jpegtoavi,/home/core/jpegtoavi/jpegtoavi.core,http://securesoftware.list.cr.yp.to/archive/0/18,,,,,,,,,,,,,
CVE-2004-1287,nasm,0.98.38,2004,Stack Overflow,https://www.exploit-db.com/exploits/25005/,CentOS6.5,/home/core/nasm,/home/core/nasm/nasm-0.98.38/nasm,/home/core/nasm/core.16941,,,,,,,,,,,,,,
CVE-2004-1288,O3read,0.0.3,2004,Stack Overflow,https://www.exploit-db.com/exploits/25010/,CentOS6.5,/home/core/o3read/,/home/core/o3read/o3read-0.0.3/o3read,/home/core/o3read/core.10768,http://securesoftware.list.cr.yp.to/archive/0/42,,,,,,,,,,,,,
CVE-2004-1289,pcal,4.7.1,2004,Stack Overflow,https://www.exploit-db.com/exploits/25035/,Ubuntu11.04,/home/dzm77/pcal-4.7.1,/home/dzm77/pcal-4.7.1/pcal,-,http://www.securityfocus.com/bid/12035/exploit,http://securesoftware.list.cr.yp.to/archive/0/46,,,,,,,,,,,,
CVE-2004-1289,pcal,4.7.1,2004,Stack Overflow,https://www.exploit-db.com/exploits/25036/,Ubuntu11.04,/home/dzm77/pcal-4.7.1,/home/dzm77/pcal-4.7.1/pcal,-,http://www.securityfocus.com/bid/12036/exploit,http://securesoftware.list.cr.yp.to/archive/0/46,,,,,,,,,,,,
CVE-2004-1290,pgn2web,0.3,2004,Stack Overflow,http://securesoftware.list.cr.yp.to/archive/0/35,Ubuntu11.04,/home/dzm77/jcabc2ps,/home/dzm77/jcabc2ps/jcabc2ps,-,,,,,,,,,,,,,,
CVE-2004-1292,ringtonetools,2.22,2004,Stack Overflow,https://www.exploit-db.com/exploits/25015/,CentOS6.5,/home/core/ringtonetools,/home/core/ringtonetools/ringtonetools-2.22/ringtonetools,/home/core/ringtonetools/core.15565,http://securesoftware.list.cr.yp.to/archive/0/29,,,,,,,,,,,,,
CVE-2004-1293,rtf2latex2e,1,2004,Stack Overflow,https://www.exploit-db.com/exploits/25006/,Ubuntu11.04,/home/dzm77/rtf2latex2eUnix-1.0fc1,/home/dzm77/rtf2latex2eUnix-1.0fc1/rtf2latex2e.bin,-,http://securesoftware.list.cr.yp.to/archive/0/14,,,,,,,,,,,,,
CVE-2004-1297,unrtf,0.19.3,2004,Stack Overflow,https://www.exploit-db.com/exploits/25030/,CentOS6.5,/home/core/unrtf,/home/core/unrtf/unrtf-0.19.3/unrtf,/home/core/unrtf/core.10258,http://securesoftware.list.cr.yp.to/archive/0/53,,,,,,,,,,,,,
CVE-2004-1298,vb2c,0.02,2004,Stack Overflow,http://securesoftware.list.cr.yp.to/archive/0/30,Ubuntu11.04,/home/dzm77/vb2c,/home/dzm77/vb2c/vb2c,-,Only Binary,,,,,,,,,,,,,
CVE-2004-1299,vilistextum,2.6.6,2004,Stack Overflow,https://www.exploit-db.com/exploits/24983/,Ubuntu11.04,/home/dzm77/vilistextum-2.6.6,/home/dzm77/vilistextum-2.6.6/src/vilistextum,-,http://securesoftware.list.cr.yp.to/archive/0/20,,,,,,,,,,,,,
CVE-2004-2093,rsync,2.5.7,2004,Stack Overflow,https://www.exploit-db.com/exploits/152/,Ubuntu8.10,/home/exploit/rsync-2.5.7,/home/exploit/rsync-2.5.7/rsync,/home/exploit/rsync-2.5.7/rsync.core,,,,,,,,,,,,,,
CVE-2004-2167,LaTeX2rtf,1.9.15,2004,Stack Overflow,https://www.exploit-db.com/exploits/24622/,CentOS6.5,/home/core/latex2rtf,/usr/local/bin/latex2rtf,/home/core/latex2rtf/core.28361,,,,,,,,,,,,,,
CVE-2005-0101,Newspost,2.1,2005,Stack Overflow,https://www.exploit-db.com/exploits/25077/,CentOS6.5,/home/core/newspost,/home/core/newspost/newspost-2.1/newspost,/home/core/newspost/core.14975,,,,,,,,,,,,,,
CVE-2005-0199,ngircd,0.8.0,2005,Integer Underflow,https://www.exploit-db.com/exploits/25070/,CentOS6.5,/home/core/ngIRCd,/usr/local/sbin/ngircd,/home/core/ngIRCd/core.ngircd,,,,,,,,,,,,,,
CVE-2005-1275,ImageMagick,6.x,2005,Heap Overflow,https://www.exploit-db.com/exploits/25527/,CentOS6.5,/home/core/ImageMagick,/home/core/ImageMagick/identify,-,,,,,,,,,,,,,,
CVE-2005-3120,Lynx,2.8.6dev.13,2005,Stack Overflow,https://www.exploit-db.com/exploits/1256,Ubuntu14.04_pt,/home/pt/testsuites/lynx-2.8.3.rel1,-,-,,,,,,,,,,,,,,
CVE-2005-3120,Lynx,2.8.6dev.13,2005,Stack Overflow,https://www.exploit-db.com/exploits/1288,Ubuntu14.04_pt,/home/pt/testsuites/lynx-2.8.3.rel1,-,-,,,,,,,,,,,,,,
CVE-2005-3252,Snort,2.4.2,2005,Stack Overflow,https://www.exploit-db.com/exploits/1272/,CentOS6.5,/home/core/snort,/home/core/snort/snort-2.4.2/src/snort,-,,,,,,,,,,,,,,
CVE-2005-3862,Unalz,0.52,2005,Stack Overflow,https://www.exploit-db.com/exploits/26601/,CentOS6.5,/home/core/unalz,/home/core/unalz/unalz/unalz,/home/core/unalz/core.16075,,,,,,,,,,,,,,
CVE-2005-4667,Info-ZIP UnZip,5.x,2005,Stack Overflow,https://www.exploit-db.com/exploits/26913/,CentOS6.5,/home/core/unzip,/home/core/unzip/unzip-5.50/unzip,-,,,,,,,,,,,,,,
CVE-2005-4667,Info-ZIP UnZip,5.x,2005,Stack Overflow,http://www.securityfocus.com/bid/15968/exploit,CentOS6.5,/home/core/unzip,/home/core/unzip/unzip-5.50/unzip,-,,,,,,,,,,,,,,
CVE-2005-4807,gas,2.12,2005,Stack Overflow,https://www.exploit-db.com/exploits/28397/,Ubuntu10.04,/home/exploit/binutils,/home/exploit/binutils/binutils-2.12/gas/as-new,/home/exploit/binutils/core,,,,,,,,,,,,,,
CVE-2006-0539,Fcron,3,2006,Heap Overflow,https://www.exploit-db.com/exploits/27159/,Ubuntu8.10,/home/exploit/fcron/fcron-3.0.0,/home/exploit/fcron/fcron-3.0.0/convert-fcrontab,/home/exploit/fcron/fcron-3.0.0/core.fcron,,,,,,,,,,,,,,
CVE-2006-1148,peercast,0.1214,2006,Stack Overflow,https://www.exploit-db.com/exploits/1574/,Ubuntu10.04,/home/exploit/peercast-0.1214,/home/exploit/peercast-0.1214/ui/linux/.libs/peercast,/home/exploit/peercast/peercast.core.2,,,,,,,,,,,,,,
CVE-2006-1148,peercast,0.1214,2006,Stack Overflow,https://www.exploit-db.com/exploits/1578/,Ubuntu10.04,/home/exploit/peercast-0.1214,/home/exploit/peercast-0.1214/ui/linux/.libs/peercast,/home/exploit/peercast/peercast.core.2,,,,,,,,,,,,,,
CVE-2006-1148,peercast (Metasploit),0.1214,2006,Stack Overflow,https://www.exploit-db.com/exploits/16855/,Ubuntu10.04,/home/exploit/peercast-0.1214,/home/exploit/peercast-0.1214/ui/linux/.libs/peercast,/home/exploit/peercast/peercast.core.2,,,,,,,,,,,,,,
CVE-2006-1542,Python,2.4.2,2006,Stack Overflow,https://www.exploit-db.com/exploits/1591/,Ubuntu8.10,/home/exploit/Python-2.4.2,/home/exploit/Python-2.4.2/python,-,,,,,,,,,,,,,,
CVE-2006-2025,libtiff,3.8.0,2006,Integer Overflow,https://www.exploit-db.com/exploits/27764,Ubuntu14.04_pt,/home/pt/testsuites/tiff-3.8.0,-,-,,,,,,,,,,,,,,
CVE-2006-2362,BinUtils,2.15,2006,Stack Overflow,https://www.exploit-db.com/exploits/27856/,Ubuntu8.10,/home/exploit/binutils,/home/exploit/binutils/binutils-2.15/binutils/strings,/home/exploit/binutils/core,,,,,,,,,,,,,,
CVE-2006-2465,MP3Info,0.8.5a,2006,Stack Overflow,https://www.exploit-db.com/exploits/31220,CentOS6.5,/home/core/mp3info/mp3info-0.8.5a,/home/core/mp3info/mp3info-0.8.5a/mp3info,/home/core/mp3info/mp3info-0.8.5a/core.18321,,,,,,,,,,,,,,
CVE-2006-2656,tiffsplit,3.8.2,2006,Stack Overflow,https://www.exploit-db.com/exploits/1831/,Ubuntu10.04,/home/exploit/tiff-3.8.2,/home/exploit/tiff-3.8.2/tools/.libs/lt-tiffsplit,/home/exploit/tiff-3.8.2/core,https://github.com/offensive-security/exploit-database-bin-sploits/raw/master/sploits/1831.tar.gz,,,,,,,,,,,,,
CVE-2006-2971,0verkill,0.16,2006,Integer Overflow,https://www.exploit-db.com/exploits/1894/,Ubuntu11.04,/home/dzm77/0verkill/0verkill-0.16,/home/dzm77/0verkill/0verkill-0.16/server,/home/dzm77/0verkill/0verkill-0.16/core,,,,,,,,,,,,,,
CVE-2006-3082,GnuPG,1.9.14,2006,Integer Overflow,https://www.exploit-db.com/exploits/28077/,Ubuntu10.04,/home/exploit/gnupg/gnupg-1.9.14/g10,/home/exploit/gnupg/gnupg-1.9.14/g10/gpg2,/home/exploit/gnupg/gnupg-1.9.14/g10/core.gpg,,,,,,,,,,,,,,
CVE-2006-3124,streamripper,1.61.25,2006,Stack Overflow,https://www.exploit-db.com/exploits/2274/,CentOS6.5,/home/core/streamripper,/home/core/streamripper/streamripper-1.61.25/streamripper,/home/core/streamripper/streamripper-1.61.25/core.1281,,,,,,,,,,,,,,
CVE-2006-3581,AdPlug,2.0,2006,Stack Overflow,https://www.exploit-db.com/exploits/28181/,Ubuntu8.10,/home/exploit/adplug,/home/exploit/adplug/audacious-1.0.0/audacious,-,,,,,,,,,,,,,,
CVE-2006-3582,AdPlug,2.0,2006,Heap Overflow | Stack Overflow,https://www.exploit-db.com/exploits/28181/,Ubuntu8.10,/home/exploit/adplug,/home/exploit/adplug/audacious-1.0.0/audacious,-,,,,,,,,,,,,,,
CVE-2006-3746,GnuPG,1.9.14,2006,Integer Overflow,https://www.exploit-db.com/exploits/28257/,Ubuntu10.04,/home/exploit/gnupg/gnupg-1.9.14/g10,/home/exploit/gnupg/gnupg-1.9.14/g10/gpg2,/home/exploit/gnupg/gnupg-1.9.14/g10/core.gpg1,,,,,,,,,,,,,,
CVE-2006-4018,clamav,0.88.2,2006,Heap Overflow,https://www.exploit-db.com/exploits/28348/,Ubuntu10.04,/home/exploit/clamav,/home/exploit/clamav/clamav-0.88.2/clamscan/clamscan,/home/exploit/clamav/core,,,,,,,,,,,,,,
CVE-2006-4089,AlsaPlayer,0.99.x,2006,Stack Overflow,https://www.exploit-db.com/exploits/28367/,Ubuntu10.04,/home/exploit/alsaplayer/,/home/exploit/alsaplayer/alsaplayer-0.99.76/app/alsaplayer,/home/exploit/alsaplayer/core.28637,,,,,,,,,,,,,,
CVE-2006-4144,ImageMagick,6.2.0,2006,Integer Overflow,https://www.exploit-db.com/exploits/28383/,CentOS6.5,/home/core/ImageMagick,/usr/local/bin/identify,/home/core/ImageMagick/core.25538,http://www.securityfocus.com/archive/1/443208,,,,,,,,,,,,,
CVE-2006-4182,clamv,0.88.2,2006,Integer Overflow,https://www.exploit-db.com/exploits/2587/,Ubuntu10.04,/home/exploit/clamav,/home/exploit/clamav/clamav-0.88.2/clamscan/clamscan,/home/exploit/clamav/2587/core,,,,,,,,,,,,,,
CVE-2006-4812,php,5.1.6,2006,Integer Overflow,https://www.exploit-db.com/exploits/28760/,CentOS6.5,/home/core/php5.1.6/,/home/core/php5.1.6/php-5.1.6/sapi/cli/php,/home/core/php5.1.6/exploit/core.6789,,,,,,,,,,,,,,
CVE-2006-5276,Snort,2.6.1,2006,Stack Overflow,https://www.exploit-db.com/exploits/3362/,CentOS6.5,/home/core/snort,/home/core/snort/snort-2.6.1.1/src/snort,-,,,,,,,,,,,,,,
CVE-2006-5295,clamv,0.88.2,2006,Integer Overflow,https://www.exploit-db.com/exploits/2586/,Ubuntu10.04,/home/exploit/clamav,/home/exploit/clamav/clamav-0.88.2/clamscan/clamscan,/home/exploit/clamav/2586/core,http://www.securityfocus.com/bid/20537/exploit,,,,,,,,,,,,,
CVE-2006-5465,PHP ,4.4.4,2006,Heap Overflow,https://www.exploit-db.com/exploits/2857/,CentOS6.5,/home/core/php4.4,/home/core/php4.4/php-4.4.4/sapi/cli/php,*** glibc detected ***,,,,,,,,,,,,,,
CVE-2006-5815,proftpd (Metasploit),1.3.0,2006,Stack Overflow,https://www.exploit-db.com/exploits/2856/,Ubuntu14.04_core,/home/core/workspace/program/proftpd-1.3.0,/home/core/workspace/program/proftpd-1.3.0,/home/core/workspace/program/proftpd-1.3.0,,,,,,,,,,,,,,
CVE-2006-5815,proftpd (Metasploit),1.2-1.3.0,2006,Stack Overflow,https://www.exploit-db.com/exploits/16852/,Ubuntu14.04_core,/home/core/workspace/program/proftpd-1.3.0,/home/core/workspace/program/proftpd-1.3.0/proftpd,-,,,,,,,,,,,,,,
CVE-2006-6563,proftpd,1.3.0a,2006,Stack Overflow,https://www.exploit-db.com/exploits/3730/,Ubuntu8.10,/home/exploit/proftpd/proftpd-1.3.0a,/home/exploit/proftpd/proftpd-1.3.0a/proftpd,/home/exploit/proftpd/proftpd-1.3.0a/proftpd.core,,,,,,,,,,,,,,
CVE-2006-6563,proftpd,1.3.0a,2006,Stack Overflow,https://www.exploit-db.com/exploits/2928/,Ubuntu8.10,/home/exploit/proftpd/proftpd-1.3.0a,/home/exploit/proftpd/proftpd-1.3.0a/proftpd,/home/exploit/proftpd/proftpd-1.3.0a/proftpd1.core,,,,,,,,,,,,,,
CVE-2006-6563,proftpd,1.3.0a,2006,Stack Overflow,https://www.exploit-db.com/exploits/3330/,Ubuntu8.10,/home/exploit/proftpd/proftpd-1.3.0a,/home/exploit/proftpd/proftpd-1.3.0a/proftpd,/home/exploit/proftpd/proftpd-1.3.0a/proftpd2.core,,,,,,,,,,,,,,
CVE-2006-6563,proftpd,1.3.0a,2006,Stack Overflow,https://www.exploit-db.com/exploits/3333/,Ubuntu8.10,/home/exploit/proftpd/proftpd-1.3.0a,/home/exploit/proftpd/proftpd-1.3.0a/proftpd,/home/exploit/proftpd/proftpd-1.3.0a/proftpd3.core,,,,,,,,,,,,,,
CVE-2007-0368,mbse-bbs,0.70.0,2007,Stack Overflow,https://www.exploit-db.com/exploits/3154/,Ubuntu8.10,/home/exploit/mbse,/home/exploit/mbse/mbsebbs-0.70.0/unix/mbuseradd,-,,,,,,,,,,,,,,
CVE-2007-1001,php,5.1.6,2007,Integer Overflow,https://www.exploit-db.com/exploits/29823/,CentOS6.5,/home/core/php5.1.6/exploit3,/home/core/php5.1.6/exploit3/php-5.1.6/sapi/cli/php,/home/core/php5.1.6/exploit3/core.21951,,,,,,,,,,,,,,
CVE-2007-1286,PHP (Metasploit),4.5.0,2007,Integer Overflow,https://www.exploit-db.com/exploits/9939/,Ubuntu10.04,/home/exploit/php4.4.4/,/home/exploit/php4.4.4/sapi/cli/php,-,,,,,,,,,,,,,,
CVE-2007-1286,PHP,4.4.4,2007,Integer Overflow,https://www.exploit-db.com/exploits/3396/,Ubuntu10.04,/home/exploit/php4.4.4/,/home/exploit/php4.4.4/sapi/cli/php,-,http://www.php-security.org/MOPB/MOPB-04-2007.html,,,,,,,,,,,,,
CVE-2007-1286,PHP (Metasploit),4,2007,Integer Overflow,https://www.exploit-db.com/exploits/16310/,Ubuntu10.04,/home/exploit/php4.4.4/,/home/exploit/php4.4.4/php-4.4.4/sapi/cli/php,-,,,,,,,,,,,,,,
CVE-2007-1371,Conquest,8.2a,2007,Stack Overflow,https://www.exploit-db.com/exploits/29717/,Ubuntu14.04_core,/home/core/conquest/conquest-8.2a,/opt/bin/conquest,/home/core/conquest/core,,,,,,,,,,,,,,
CVE-2007-1383,PHP,4,2007,Integer Overflow,https://www.exploit-db.com/exploits/3394/,Ubuntu10.04,/home/exploit/php4.4.4/,/home/exploit/php4.4.4/sapi/cli/php,-,,,,,,,,,,,,,,
CVE-2007-1465,dproxy,0.5,2007,Stack Overflow,https://www.exploit-db.com/exploits/3554/,Ubuntu8.10,/home/exploit/dproxy,/home/exploit/dproxy/dproxy-0.5/dproxy,-,,,,,,,,,,,,,,
CVE-2007-1777,php,4.4.4,2007,Integer Overflow,https://www.exploit-db.com/exploits/29788/,CentOS6.5,/home/core/php4.4,/home/core/php4.4/php-4.4.4/sapi/cli/php,/home/core/php4.4/core.2945,http://www.php-security.org/MOPB/MOPB-35-2007.html,,,,,,,,,,,,,
CVE-2007-1777,PHP,4.4.4,2007,Integer Overflow,https://www.exploit-db.com/exploits/29788/,CentOS6.5,/home/core/php4.4/,/home/core/php4.4/sapi/cli/php,-,,,,,,,,,,,,,,
CVE-2007-1825,PHP,5.1.6,2007,Stack Overflow,https://www.exploit-db.com/exploits/29807/,Ubuntu10.04,/home/exploit/php4.4.4/29807/,/home/exploit/php4.4.4/php4.4.4/sapi/cli/php,-,,,,,,,,,,,,,,
CVE-2007-2052,python,2.5.0,2007,Memory Leak,https://www.exploit-db.com/exploits/30018/,Ubuntu10.04,/home/exploit/python2.5.0,/home/exploit/python2.5.0/Python-2.5/python,-,,,,,,,,,,,,,,
CVE-2007-2446,samba (Metasploit),3.0.22,2007,Heap Overflow,https://www.exploit-db.com/exploits/9950/,Ubuntu8.10,/home/exploit/samba/samba-3.0.22,/home/exploit/samba/samba-3.0.22/source/bin/smbd,-,https://www.rapid7.com/db/modules/exploit/linux/samba/lsa_transnames_heap,https://null-byte.wonderhowto.com/how-to/hack-like-pro-hacking-samba-ubuntu-and-installing-meterpreter-0135162/,,,,,,,,,,,,
CVE-2007-2683,mutt,1.4.2.2,2007,Stack Overflow,https://www.exploit-db.com/exploits/30093/,Ubuntu8.10,/home/exploit/mutt,/home/exploit/mutt/mutt-1.4.2.2/mutt,/home/exploit/mutt/core,,,,,,,,,,,,,,
CVE-2007-2872,php,5.1.6,2007,Integer Overflow,https://www.exploit-db.com/exploits/30117/,CentOS6.5,/home/core/php5.1.6/,/home/core/php5.1.6/php-5.1.6/sapi/cli/php,/home/core/php5.1.6/exploit1/core.6998,,,,,,,,,,,,,,
CVE-2007-3473,gd,2.0.28,2007,NULL Pointer Dereference,https://www.exploit-db.com/exploits/30251/,CentOS6.5,/home/core/gd,-,-,,,,,,,,,,,,,,
CVE-2007-4060,corehttp,0.5.3alpha,2007,Stack Overflow,https://www.exploit-db.com/exploits/4243/,Ubuntu11.04,/home/dzm77/jx/corehttp,/home/dzm77/jx/corehttp/src/corehttp,/home/dzm77/jx/corehttp/src/corehttp.core,,,,,,,,,,,,,,
CVE-2007-4965,python,2.2,2007,Integer Overflow,https://www.exploit-db.com/exploits/30592/ ,CentOS6.5,/home/core/python,/home/core/python/Python-2.2/python,/home/core/python/core.18593,,,,,,,,,,,,,,
CVE-2007-5301,alsaplayer,0.99.76,2007,Stack Overflow,https://www.exploit-db.com/exploits/5424/,Ubuntu10.04,/home/exploit/alsaplayer/,/home/exploit/alsaplayer/alsaplayer-0.99.76/app/alsaplayer,/home/exploit/alsaplayer/core.exploit,,,,,,,,,,,,,,
CVE-2007-5301,alsaplayer,0.99.76,2007,Stack Overflow,https://www.exploit-db.com/exploits/30648/,Ubuntu10.04,/home/exploit/alsaplayer/,/home/exploit/alsaplayer/alsaplayer-0.99.76/app/alsaplayer,/home/exploit/alsaplayer/core.25969,,,,,,,,,,,,,,
CVE-2007-6015,samba,3.0.27a,2007,Heap Overflow,https://www.exploit-db.com/exploits/4732/,Ubuntu8.10,/home/exploit/samba/samba-3.0.22,/home/exploit/samba/samba-3.0.22/source/bin/smbd,/home/exploit/samba/samba-3.0.22/source/bin/samba.core,,,,,,,,,,,,,,
CVE-2007-6454,peercast,0.1214,2007,Stack Overflow,https://www.exploit-db.com/exploits/30894/,Ubuntu10.04,/home/exploit/peercast-0.1214,/home/exploit/peercast-0.1214/ui/linux/.libs/peercast,/home/exploit/peercast/peercast.core.1,,,,,,,,,,,,,,
CVE-2007-6697,SDL_image,1.2.6,2007,BSS/Data Overflow,https://www.exploit-db.com/exploits/31054/,Ubuntu8.10,/home/exploit/sdlimage,/home/exploit/sdlimage/SDL_image-1.2.6/.libs/lt-showimage,/home/exploit/sdlimage/sdlimage.core,,,,,,,,,,,,,,
CVE-2007-6731,xmp,2.5.1,2007,Stack Overflow,https://www.exploit-db.com/exploits/30942/,Ubuntu8.10,/home/exploit/xmp/xmp-2.5.1,/home/exploit/xmp/xmp-2.5.1/src/main/xmp,/home/exploit/xmp/xmp-2.5.1/xmp.core,,,,,,,,,,,,,,
CVE-2008-1721,python,2.5.1,2008,Integer Overflow,https://www.exploit-db.com/exploits/31634/,Ubuntu10.04,/home/exploit/python-2.5.1,/home/exploit/python-2.5.1/Python-2.5.1/python,-,,,,,,,,,,,,,,
CVE-2008-1721,python,2.5.1,2008,Integer Overflow,https://www.exploit-db.com/exploits/31634/,Ubuntu10.04,/home/exploit/python-2.5.1,/home/exploit/python-2.5.1/Python-2.5.1/python,-,,,,,,,,,,,,,,
CVE-2008-1767,libxslt,1.1.23,2008,Invalid Free,https://www.exploit-db.com/exploits/31815/,Ubuntu8.10,/home/exploit/libxslt/libxslt-1.1.23,/home/exploit/libxslt/libxslt-1.1.23/xsltproc/.libs/lt-xsltproc,/home/exploit/libxslt/libxslt-1.1.23/core,,,,,,,,,,,,,,it likes buffer overread
CVE-2008-1801,rdesktop,1.5.0,2008,BSS/Data Overflow,https://www.exploit-db.com/exploits/5561/,Ubuntu10.04,/home/exploit/rdesktop,/home/exploit/rdesktop/rdesktop-1.5.0/rdesktop,-,,,,,,,,,,,,,,
CVE-2008-1802,rdesktop,1.5.0,2008,BSS/Data Overflow,https://www.exploit-db.com/exploits/5585/,Ubuntu10.04,/home/exploit/rdesktop,/home/exploit/rdesktop/rdesktop-1.5.0/rdesktop,-,,,,,,,,,,,,,,
CVE-2008-1887,python,2.5.1,2008,Heap Overflow,https://bugs.python.org/issue2587,Ubuntu10.04,/home/exploit/python-2.5.1,/home/exploit/python-2.5.1/Python-2.5.1/python,-,,,,,,,,,,,,,,
CVE-2008-2315,python,2.5.1,2008,Integer Overflow,http://scary.beasts.org/security/CESA-2008-008.html,Ubuntu10.04,/home/exploit/python-2.5.1,/home/exploit/python-2.5.1/Python-2.5.1/python,-,,,,,,,,,,,,,,
CVE-2008-2950,poppler,0.8.4,2008,Uninitialized Memory,https://www.exploit-db.com/exploits/6032/,Ubuntu14.04_pt,/home/pt/testsuites/NonMemoryCorruption/poppler-0.8.4,/home/pt/testsuites/NonMemoryCorruption/poppler-0.8.4/build/bin/pdftotext,-,,,,,,,,,,,,,,
CVE-2008-3142,python,2.5.1,2008,Integer Overflow,https://bugs.python.org/issue2620,Ubuntu10.04,/home/exploit/python-2.5.1,/home/exploit/python-2.5.1/Python-2.5.1/python,-,,,,,,,,,,,,,,
CVE-2008-3143,python,2.5.1,2008,Integer Overflow,http://scary.beasts.org/security/CESA-2008-008.html,Ubuntu10.04,/home/exploit/python-2.5.1,/home/exploit/python-2.5.1/Python-2.5.1/python,-,,,,,,,,,,,,,,
CVE-2008-4864,python,2.5.1,2008,Integer Overflow,https://www.exploit-db.com/exploits/10229/,Ubuntu10.04,/home/exploit/python2.5.1,/home/exploit/python2.5.1/Python-2.5.1/python,/home/exploit/python2.5.1/python.core,,,,,,,,,,,,,,
CVE-2008-5031,python,2.5.1,2008,Integer Overflow,http://www.openwall.com/lists/oss-security/2008/11/05/2,Ubuntu10.04,/home/exploit/python-2.5.1,/home/exploit/python-2.5.1/Python-2.5.1/python,-,,,,,,,,,,,,,,
CVE-2008-5314,ClamAV ,0.93.3,2008,Stack Exhaustion,https://www.exploit-db.com/exploits/7330/,Ubuntu14.04_core,/home/core/clamav/clamav-0.93.3,/usr/local/bin/clamscan,/home/core/clamav/core.clamav,,,,,,,,,,,,,,
CVE-2008-5904,xrdp,0.4.1,2008,Heap Overflow,https://www.exploit-db.com/exploits/8469/,Ubuntu10.04,/home/exploit/xrdp/xrdp-0.4.1,/home/exploit/xrdp/xrdp-0.4.1/xrdp/xrdp,/home/exploit/xrdp/core.xrdp,,,,,,,,,,,,,,
CVE-2009-1759,cTorrent/DTorrent,3.3.2,2009,Stack Overflow,https://www.exploit-db.com/exploits/8470/,Ubuntu10.04,/home/exploit/ctorrent/,/home/exploit/ctorrent/ctorrent-dnh3.3.2/ctorrent,-,,,,,,,,,,,,,,
CVE-2009-2285,libtiff,3.8.2,2009,Stack underflow,https://www.exploit-db.com/exploits/33049,Ubuntu14.04_pt,/home/pt/testsuites/tiff-3.9.4,-,-,https://bugs.launchpad.net/ubuntu/+source/tiff/+bug/380149,,,,,,,,,,,,,
CVE-2009-2286,compface,1.5.2,2009,Stack Overflow,https://www.exploit-db.com/exploits/8982/,Ubuntu8.10,/home/exploit/compface/libcompface-1.5.2,/home/exploit/compface/libcompface-1.5.2/compface,/home/exploit/compface/core,,,,,,,,,,,,,,
CVE-2009-2286,Compface,1.1.5,2009,Stack Overflow,https://www.exploit-db.com/exploits/9302/,Ubuntu8.10,/home/exploit/compface,/home/exploit/compface/libcompface-1.5.2/compface,-,,,,,,,,,,,,,,
CVE-2009-3050,htmldoc,1.8.27,2009,Stack Overflow,https://www.exploit-db.com/exploits/9595/,Ubuntu10.04,/home/exploit/htmldoc-1.8.27/htmldoc,/home/exploit/htmldoc-1.8.27/htmldoc/htmldoc,/home/exploit/htmldoc-1.8.27/htmldoc/core,,,,,,,,,,,,,,
CVE-2009-3050,htmldoc,1.8.27,2009,Stack Overflow,http://downloads.securityfocus.com/vulnerabilities/exploits/35727-1.pl,Ubuntu10.04,/home/exploit/htmldoc-1.8.27/htmldoc,/home/exploit/htmldoc-1.8.27/htmldoc/htmldoc,-,,,,,,,,,,,,,,
CVE-2009-3586,CoreHTTP,0.5.3.1,2009,Stack Overflow,https://www.exploit-db.com/exploits/10349/,Ubuntu10.04,/home/exploit/corehttp2/,/home/exploit/corehttp/src/corehttp,-,https://census-labs.com/news/2009/12/02/corehttp-web-server/,,,,,,,,,,,,,
CVE-2009-4134,python,2.5.1,2010,Stack Overflow,https://bugs.python.org/issue8678,Ubuntu10.04,/home/exploit/python-2.5.1,/home/exploit/python-2.5.1/Python-2.5.1/python,-,,,,,,,,,,,,,,
CVE-2009-4880,glibc,2.5,2009,Integer Overflow,https://www.exploit-db.com/exploits/33230/,CentOS5,/home/centos/glibc,php-5.2.9/sapi/cli/php,/home/centos/glibc/core.8263,,,,,,,,,,,,,,"maybe there is corruption, we will look back those cases."
CVE-2009-4881,glibc,2.5,2009,Integer Overflow,http://www.securityfocus.com/bid/36443/info,CentOS5,/home/centos/glibc,php-5.2.9/sapi/cli/php,/home/centos/glibc/core.8263,,,,,,,,,,,,,,
CVE-2009-5018,gif2png,2.5.2,2009,Stack Overflow,https://www.exploit-db.com/exploits/34356/,Ubuntu10.04,/home/exploit/gif2png/,/home/exploit/gif2png/gif2png-2.5.2/gif2png,/home/exploit/gif2png/core,,,,,,,,,,,,,,
CVE-2010-1147,opendchub,0.8.1,2010,Stack Overflow,https://www.exploit-db.com/exploits/11986/,Ubuntu10.04,/home/exploit/opendchub-0.8.1,/home/exploit/opendchub-0.8.1/src/opendchub,/home/exploit/opendchub-0.8.1/src/opendchub.final.core,,,,,,,,,,,,,,
CVE-2010-1159,Aircrack-NG,1,2010,Heap Overflow,https://www.exploit-db.com/exploits/12217/,CentOS6.5,/home/core/aircrack-ng-1.0,/home/core/aircrack-ng-1.0/src/aircrack-ng,-,,,,,,,,,,,,,,
CVE-2010-1449,python,2.5.1,2010,Stack Overflow,https://bugs.python.org/issue8678,Ubuntu10.04,/home/exploit/python-2.5.1,/home/exploit/python-2.5.1/Python-2.5.1/python,-,,,,,,,,,,,,,,
CVE-2010-1450,python,2.5.1,2010,Stack Overflow,https://bugs.python.org/issue8678,Ubuntu10.04,/home/exploit/python-2.5.1,/home/exploit/python-2.5.1/Python-2.5.1/python,-,,,,,,,,,,,,,,
CVE-2010-1634,python,2.7.0,2010,Integer Overflow,https://bugs.python.org/issue8674,Ubuntu14.04_core,/home/core/workspace/program/Python-2.7,/home/core/workspace/program/Python-2.7/python,-,,,,,,,,,,,,,,
CVE-2010-1866,PHP,5.3,2010,Integer Overflow,https://www.exploit-db.com/exploits/33920/,CentOS6.5,/home/core/php5.3.2/,/home/core/php5.3.2/php-5.3.2/sapi/cli/php,-,,,,,,,,,,,,,,
CVE-2010-2089,python,2.6.0,2010,Heap Overflow,https://bugs.python.org/issue7673,Ubuntu10.04,/home/exploit/python-2.6.0,/home/exploit/python-2.6.0/Python-2.6/python,-,,,,,,,,,,,,,,
CVE-2010-2481,libtiff,3.9.4,2010,NULL Pointer Dereference,http://bugzilla.maptools.org/show_bug.cgi?id=2210,Ubuntu14.04_pt,/home/pt/testsuites/tiff-3.9.4,-,-,,,,,,,,,,,,,,
CVE-2010-2482,libtiff,3.9.2,2010,NULL Pointer Dereference,https://www.exploit-db.com/exploits/14573,Ubuntu14.04_pt,/home/pt/testsuites/tiff-3.9.2,-,-,https://bugzilla.redhat.com/show_bug.cgi?id=603024,http://www.securityfocus.com/bid/41480/,,,,,,,,,,,,
CVE-2010-2810,Lynx,2.8.8dev.1,2010,Heap Overflow,https://bugs.launchpad.net/ubuntu/+source/lynx-cur/+bug/613254,Ubuntu14.04_pt,/home/pt/testsuites/lynx2-8-8,-,-,,,,,,,,,,,,,,
CVE-2010-2891,LibSMI,0.4.8,2010,Stack Overflow,https://www.exploit-db.com/exploits/15293/,Ubuntu11.04,/home/dzm77/libsmi,/home/dzm77/libsmi/smisubtree,/home/dzm77/libsmi/core,,,,,,,,,,,,,,
CVE-2010-4221,proftpd (Metasploit),1.3.3a,2010,Stack Overflow,https://www.exploit-db.com/exploits/16851/,Ubuntu14.04_core,/home/core/workspace/program/proftpd-1.3.3a,/home/core/workspace/program/proftpd-1.3.3a/proftpd,/home/core/workspace/program/proftpd-1.3.3a/proftpd-telnet.core,,,,,,,,,,,,,,
CVE-2010-4221,proftpd,1.3.2rc3-1.3.3b,2010,Stack Overflow,http://www.securityfocus.com/bid/44562/exploit,Ubuntu14.04_core,/home/core/workspace/program/proftpd-1.3.3a,/home/core/workspace/program/proftpd-1.3.3a/proftpd,-,,,,,,,,,,,,,,
CVE-2010-4259,fontforge,20100501,2010,Stack Overflow,https://www.exploit-db.com/exploits/15732/,Ubuntu10.04,/home/exploit/fontforge,/home/exploit/fontforge/fontforge-20100501/fontforge/.libs/fontforge,/home/exploit/fontforge/fontforge.core,,,,,,,,,,,,,,
CVE-2010-4409,php,5.3.3,2010,Integer Overflow,https://www.exploit-db.com/exploits/15722/,CentOS6.5,/home/core/php,/home/core/php/php-5.3.3/sapi/cli/php,/home/core/php/core.21929,,,,,,,,,,,,,,
CVE-2011-0420,PHP,5.3.5,2011,NULL Pointer Dereference,https://www.exploit-db.com/exploits/16182,CentOS6.5,/home/core/php-5.3.5,/home/core/php-5.3.5/sapi/cli/php,-,,,,,,,,,,,,,,
CVE-2011-0708,PHP,5.3.5,2011,DOS,https://www.exploit-db.com/exploits/16261,CentOS6.5,/home/core/php-5.3.5-exif,/home/core/php-5.3.5-exif/php-5.3.5/sapi/cli/php,-,,,,,,,,,,,,,,
CVE-2011-0761,Perl,5.10.1,2011,Null Pointer Dereference,https://www.exploit-db.com/exploits/35725/,CentOS6.5,/home/core/perl-5.10.1,/home/core/perl-5.10.1/perl,-,,,,,,,,,,,,,,
CVE-2011-1071,GNU glibc,2.12.2,2011,Stack Overflow,https://www.exploit-db.com/exploits/17120,Ubuntu8.10,/home/exploit/EDB-17120,/home/exploit/EDB-17120/exploit,-,https://sourceware.org/bugzilla/show_bug.cgi?id=11883,,,,,,,,,,,,,
CVE-2011-1092,PHP,5.3.6,2011,Integer Overflow,https://www.exploit-db.com/exploits/16966/,Ubuntu11.04,/home/dzm77/php/,/home/dzm77/php/php-5.3.3/sapi/cli/php,-,,,,,,,,,,,,,,
CVE-2011-1137,proftpd,1.3.3d,2011,Integer Overflow,https://www.exploit-db.com/exploits/16129/,CentOS6.5,/home/core/proftpd/,/home/core/proftpd/proftpd-1.3.3d/proftpd,-,http://tutorialgenius.blogspot.com/2012/02/linux-installing-and-configuring.html,,,,,,,,,,,,,
CVE-2011-1938,php,5.3.4,2011,Stack Overflow,https://www.exploit-db.com/exploits/17318/,Ubuntu10.04,/home/exploit/php-5.3.4,/home/exploit/php-5.3.4/sapi/cli/php,/home/exploit/php-5.3.4/sapi/cli/php.core,,,,,,,,,,,,,,
CVE-2011-1938,PHP,5.3.6,2011,Stack Overflow,https://www.exploit-db.com/exploits/17486/,CentOS6.5,/home/core/php5.3.6/,/home/core/php5.3.6/php-5.3.6/sapi/cli/php,-,,,,,,,,,,,,,,
CVE-2011-5033,CSF Firewall,before 5.43,2011,Stack Overflow,https://www.exploit-db.com/exploits/18225/,Ubuntu11.04,/home/dzm77/CSF/,/home/dzm77/CSF/csf/csf,-,,,,,,,,,,,,,,
CVE-2012-0809,sudo (sudo_debug),1.8.0-1.8.3p1,2012,Format String,https://www.exploit-db.com/exploits/25134,Ubuntu14.04_core,/home/core/workspace/program/sudo-1.8.0,/home/core/workspace/program/sudo-1.8.0/src/sudo,/home/core/workspace/program/sudo-1.8.0/src/sudo.core,,,,,,,,,,,,,,
CVE-2012-0809,sudo,1.8.0 - 1.8.3p1,2012,Format String,https://www.exploit-db.com/exploits/18436,Ubuntu14.04_core,/home/core/workspace/program/sudo-1.8.0,/home/core/workspace/program/sudo-1.8.0/src/sudo,/home/core/workspace/program/sudo-1.8.0/core,,,,,,,,,,,,,,
CVE-2012-2386,php,5.3.6,2012,Heap Overflow ,https://www.exploit-db.com/exploits/17201/,CentOS6.5,/home/core/php5.3.6,/home/core/php5.3.6/php-5.3.6/sapi/cli/php,/home/core/php5.3.6/core.11366,,,,,,,,,,,,,,
CVE-2012-3480,glibc,2.16,2012,Stack Overflow,https://www.exploit-db.com/exploits/37631/,Ubuntu8.10,/home/exploit/glibc/EDB-37631/,/home/exploit/glibc/EDB-37631/exploit,-,,,,,,,,,,,,,,
CVE-2012-4409,mcrypt,2.5.8,2012,Stack Overflow,https://www.exploit-db.com/exploits/22928/,Ubuntu14.04_core,/home/core/workspace/program/mcrypt-2.5.8,/home/core/workspace/program/mcrypt-2.5.8/src/mcrypt,/home/core/workspace/program/mcrypt-2.5.8/core,http://www.openwall.com/lists/oss-security/2012/09/06/8,,,,,,,,,,,,,
CVE-2012-4409,mcrypt,2.6.8,2012,Stack Overflow,https://www.exploit-db.com/exploits/22938/,Ubuntu14.04_core,/home/core/mcrypt-2.6.8,/home/core/workspace/program/mcrypt-2.5.8/src/mcrypt,-,,,,,,,,,,,,,,
CVE-2012-4412,glibc,2.12-1,2012,Integer Overflow,https://www.exploit-db.com/exploits/37783/,CentOS6.5,/home/core/glibc/glibc217,/home/core/glibc/glibc217/exploit,/home/core/glibc/glibc217,,,,,,,,,,,,,,rarcrack.c:326 logic error in program
CVE-2012-5612,MySQL,5.5.19,2012,Heap Overflow,https://www.exploit-db.com/exploits/23076/,-,-,-,-,,,,,,,,,,,,,,
CVE-2012-5667,grep,2.11,2012,Integer Overflow,https://www.exploit-db.com/exploits/23779/,CentOS6.5,/home/core/grep/,/home/core/grep/grep-2.11/src/grep,-,,,,,,,,,,,,,,
CVE-2012-5867,ht-editor,2.0.18,2012,Stack Overflow,https://www.exploit-db.com/exploits/17083/,Ubuntu11.04,/home/dzm77/HTEditor,/home/dzm77/HTEditor/ht-2.0.18-noprotector/ht,/home/dzm77/HTEditor/ht-verified-core,,,,,,,,,,,,,,
CVE-2012-5867,ht-editor,2.0.20,2012,Stack Overflow,https://www.exploit-db.com/exploits/22683/,Ubuntu11.04,/home/dzm77/HTEditor-2.0.20,/home/dzm77/HTEditor-2.0.20/ht-2.0.20-noprotector/ht,/home/dzm77/HTEditor-2.0.20/core.noprotector,,,,,,,,,,,,,,
CVE-2013-0221,coreutils,8.4,2013,Stack Overflow,https://www.exploit-db.com/exploits/38232/,CentOS6.5,/home/core/coreutils,/bin/sort,/home/core/coreutils/core.2032,,,,,,,,,,,,,,
CVE-2013-0222,coreutils,8.4,2013,Stack Overflow,https://bugzilla.novell.com/show_bug.cgi?id=796243,CentOS6.5,/home/core/coreutils,/bin/uniq,/home/core/coreutils/core.10861,,,,,,,,,,,,,,
CVE-2013-0223,coreutils,8.4,2013,Stack Overflow,https://bugzilla.novell.com/show_bug.cgi?id=798541,CentOS6.5,/home/core/coreutils,/bin/join,/home/core/coreutils/core.10906,,,,,,,,,,,,,,
CVE-2013-0722,ettercap,0.7.5.1,2013,Stack Overflow,https://www.exploit-db.com/exploits/23945/,Kali,/root/ettercap/ettercap-0.7.5.1,/root/ettercap/ettercap-0.7.5.1/build/src/ettercap,/root/ettercap/ettercap-0.7.5.1/build/src/core,,,,,,,,,,,,,,
CVE-2013-2028,nginx (Metasploit),1.4.0,2013,Integer Overflow,https://www.exploit-db.com/exploits/25775/ ,CentOS6.5,/home/core/nginx-exploit,/usr/local/nginx/sbin/nginx,/home/core/nginx-exploit/core.nginx,,,,,,,,,,,,,,
CVE-2013-2028,nginx,1.3.9/1.4.0,2013,Integer Overflow,https://www.exploit-db.com/exploits/26737,CentOS6.5,/home/core/nginx-exploit,/usr/local/nginx/sbin/nginx,/home/core/nginx-exploit/core.nginx,,,,,,,,,,,,,,
CVE-2013-2028,nginx,1.3.9/1.4.0,2013,Integer Overflow,https://www.exploit-db.com/exploits/32277/,CentOS6.5,/home/core/nginx-exploit,/usr/local/nginx/sbin/nginx,/home/core/nginx-exploit/core.nginx,,,,,,,,,,,,,,
CVE-2013-2131,Python RRDtool Module,1.4.7,2013,Format String,https://www.exploit-db.com/exploits/38521,CentOS6.5,/home/core/python-rrdtool-1.4.7,"This is a python module, check poc file",-,http://www.securityfocus.com/bid/60004/exploit,"python -c ""import rrdtool rrdtool.graph('/tmp/out.png','-f','%n%n')""",,,,,,,,,,,,
CVE-2013-2131,Python RRDtool Module,1.4.7,2013,Format String,https://github.com/oetiker/rrdtool-1.x/issues/396,Ubuntu14.04_core,/home/core/python-rrdtool-1.4.7,-,-,,,,,,,,,,,,,,
CVE-2013-3724,Monkey HTTPD,1.1.1,2013,DOS,https://www.exploit-db.com/exploits/25837,CentOS6.5,/home/core/monkeyhttpd,/home/core/monkeyhttpd/monkey-1.1.1/bin/monkey,/home/core/monkeyhttpd/monkey-1.1.1/bin/core.monkey,,,,,,,,,,,,,,
CVE-2013-4123,Squid,3.3.5,2013,DOS,https://www.exploit-db.com/exploits/26886,Ubuntu12.04,/home/ubuntu/Squid,/usr/local/squid/sbin/squid,------------------------------------------------,,,,,,,,,,,,,,
CVE-2013-4243,libtiff,4.0.1,2013,Heap Overflow,http://www.securityfocus.com/bid/62082/info,Ubuntu14.04_pt,/home/pt/testsuites/tiff-4.0.1,-,-,http://bugzilla.maptools.org/show_bug.cgi?id=2451#c10,http://bugzilla.maptools.org/show_bug.cgi?id=2451,,,,,,,,,,,,
CVE-2013-4473,poppler,0.23.2,2013,Stack Overflow,https://bugs.freedesktop.org/show_bug.cgi?id=69434,CentOS6.5,/home/core/poppler,-,-,,,,,,,,,,,,,,
CVE-2013-4474,Poppler ,<= 0.14.3,2013,Format String,https://www.exploit-db.com/exploits/38817,CentOS6.5,/home/core/poppler,/home/core/poppler/poppler-0.24.2/utils/pdfseparate,/home/core/poppler/core.11346,,,,,,,,,,,,,,
CVE-2013-4788,glibc & eglibc,2.5-2.7-2.13,2013,Stack Overflow,https://www.exploit-db.com/exploits/28657/,CentOS6.5,/home/core/glibc/2013-4788,/home/core/glibc/2013-4788/exploit,-,,,,,,,,,,,,,,
CVE-2013-7226,php,5.5.0,2013,Integer Overflow,https://bugs.php.net/bug.php?id=66356,Ubuntu14.04_core,/home/core/php5.5.0/,/home/core/php5.5.0/php-5.5.0/sapi/cli/php,-,,,,,,,,,,,,,,
CVE-2013-7446,Linux Kernel,before 4.3.3,2013,Use After Free,https://groups.google.com/forum/#!topic/syzkaller/3twDUI4Cpm8,Linux Kernel 4.3,/root/,/root/exploit,-,,,,,,,,,,,,,,
CVE-2014-0226,Apache mod_status Scoreboard Handling Race Condition,2.4.7,2014,Heap Overflow,https://www.exploit-db.com/exploits/34133,-,-,-,-,,,,,,,,,,,,,,
CVE-2014-0749,TORQUE Resource Manager,2.5.x-2.5.13,2014,Stack Overflow,https://www.exploit-db.com/exploits/33554,Ubuntu14.04_core,/home/core/TORQUE,/home/core/TORQUE/torque-2.5.13/src/.libs/lt-pbs_server,/home/core/TORQUE/core.torque,,,,,,,,,,,,,,
CVE-2014-1912,Python,3.1.5,2014,Heap Overflow,https://www.exploit-db.com/exploits/31875,CentOS6.5,/home/core/python,/home/core/python/Python-3.1.5/python,/home/core/python/core.5976,,,,,,,,,,,,,,
CVE-2014-1912,Python,2.7,2014,Heap Overflow,https://bugs.python.org/issue20246,CentOS6.5,/home/core/python,/home/core/python/Python-2.7.4/python,-,,,,,,,,,,,,,,
CVE-2014-2851,Linux Kernel,3.14.1,2014,Integer Overflow | Use After Free,https://www.exploit-db.com/exploits/32926/,Ubuntu14.04.0,/root/,/root/exploit,-,,,,,,,,,,,,,,
CVE-2014-4616,python,2.7.1,2014,Memory Leak,https://bugs.python.org/issue21529,Ubuntu11.04,/home/dzm77/CVE-2014-4616,/usr/bin/python,-,,,,,,,,,,,,,,
CVE-2014-6277,Binary File Descriptor Library (libbfd),2.20-,2014,Uninitialized Memory,https://www.exploit-db.com/exploits/35081,CentOS6.5,/home/core/strings,/usr/bin/strings,/home/core/strings/core.28230,,,,,,,,,,,,,,
CVE-2014-7185,python,2.7.6,2014,Integer Overflow,http://www.openwall.com/lists/oss-security/2014/09/23/5,Ubuntu14.04_core,/home/core/python/,/home/core/python/Python-2.7.6/python,-,,,,,,,,,,,,,,
CVE-2014-8322,aireplay-ng,1.2-beta3,2014,Stack Overflow,https://www.exploit-db.com/exploits/35018/,Kali,/root/aircrack-ng,/root/aircrack-ng/aircrack-ng-1.2-beta3/src/aireplay-ng,/root/aircrack-ng/core,https://www.obrela.com/blog/article/1/multiple-vulnerabilities-identified-aircrack-ng/,,,,,,,,,,,,,
CVE-2014-8768,tcpdump,4.6.2,2014,Integer Overflow,https://www.exploit-db.com/exploits/35359,Ubuntu12.04,/home/ubuntu/tcpdump,/home/ubuntu/tcpdump/tcpdump-4.6.1/tcpdump,/home/ubuntu/tcpdump/core.tcpdump,,,,,,,,,,,,,,
CVE-2014-9295,Ntpd,4.2.6,2014,BSS/Data Overflow,https://www.exploit-db.com/exploits/39445/,Ubuntu14.04_core,/home/core/ntpd/ntp-4.2.6p5,/home/core/ntpd/ntp-4.2.6p5/ntpd/ntpd,/home/core/ntpd/core.ntpd,,,,,,,,,,,,,,
CVE-2015-0235,glibc,2.2,2015,Heap Overflow,https://www.exploit-db.com/exploits/36421/,Fedora | Ubuntu11.04,/home/fedora/workspace/exploit/glibc-getaddrinfo | /home/dzm77/glibc-getaddrinfo,-,-,,,,,,,,,,,,,,
CVE-2015-0252,Apache Xerces-C XML Parser,< 3.1.2,2015,Heap Overflow,https://www.exploit-db.com/exploits/36906,CentOS6.5,/home/core/xerces,/home/core/xerces,/home/core/xerces/core.22129,,,,,,,,,,,,,,
CVE-2015-1265,Google Chrome,<= 43.0,2015,Integer Overflow,https://www.exploit-db.com/exploits/37766,Ubuntu14.04_core,/home/core/chrome,/usr/bin/google-chrome,-,,,,,,,,,,,,,,
CVE-2015-3205,Libmimedir VCF,0.5.1,2015,Stack Overflow,https://www.exploit-db.com/exploits/37249,Ubuntu14.04_core,/home/core/Libmimedir,/home/core/Libmimedir/libmimedir-0.5.1/.libs/lt-test,/home/core/Libmimedir/core,,,,,,,,,,,,,,
CVE-2015-3890,openlitespeed,1.3.9,2015,Use After Free,https://www.exploit-db.com/exploits/37051/,Ubuntu14.04_core,/home/core/workspace/program/openlitespeed-1.3.9,/home/core/workspace/program/openlitespeed-1.3.9/src/openlitespeed,/usr/local/openlitespeed/bin/core.openlitehttp,,,,,,,,,,,,,,
CVE-2015-5895,SQLite3,3.8.6,2015,Stack Overflow,https://www.exploit-db.com/exploits/36190,Ubuntu14.04_core,/home/core/sqlite,/home/core/sqlite/sqlite-autoconf-3080600/sqlite3,/home/core/sqlite/core,,,,,,,,,,,,,,
CVE-2015-7547,glibc,2.12.90,2015,Stack Overflow,https://www.exploit-db.com/exploits/39454/,Fedora,/home/fedora/workspace/exploit/glibc-getaddrinfo/CVE-2015-7547-master,/home/fedora/workspace/exploit/glibc-getaddrinfo/CVE-2015-7547-master/client,/home/fedora/workspace/exploit/glibc-getaddrinfo/CVE-2015-7547-master/core.29627,https://github.com/fjserna/CVE-2015-7547,,,,,,,,,,,,,
CVE-2015-7547,glibc,2.12.90,2015,Stack Overflow,https://www.exploit-db.com/exploits/40339/,Fedora,/home/fedora/workspace/exploit/glibc-getaddrinfo/CVE-2015-7547-master,/home/fedora/workspace/exploit/glibc-getaddrinfo/CVE-2015-7547-master/client,/home/fedora/workspace/exploit/glibc-getaddrinfo/CVE-2015-7547-master/core.29627,https://github.com/fjserna/CVE-2015-7547,,,,,,,,,,,,,
CVE-2015-7805,libsndfile ,1.0.25﻿,2015,Heap Overflow,https://www.exploit-db.com/exploits/38447/,Ubuntu14.04_core,/home/core/workspace/program/libsndfile-1.0.25,/usr/bin/audacity,/home/core/workspace/program/libsndfile-1.0.25/src/libsnd.core,,,,,,,,,,,,,,
CVE-2015-7805,libsndfile ,1.0.25﻿,2015,Heap Overflow,https://www.exploit-db.com/exploits/38447/,Ubuntu14.04_core,/home/core/workspace/program/libsndfile-1.0.25,/home/core/workspace/program/libsndfile-1.0.25/programs/sndfile-play,-,Learn trigger method from other libraries,,,,,,,,,,,,,
CVE-2015-8396,Grassroots DICOM (GDCM),2.6.0 & 2.6.1,2015,Integer Overflow,https://www.exploit-db.com/exploits/39229,Ubuntu14.04_core,/home/core/gdcm,/home/core/gdcm/CVE-2015-8396-trigger,/home/core/gdcm/core,,,,,,,,,,,,,,
CVE-2015-8617,PHP,7.0.0,2015,Format String,https://www.exploit-db.com/exploits/39082,Ubuntu14.04_core,/home/core/php7.0.0,/home/core/php7.0.0/php-7.0.0/sapi/cli/php,/home/core/php7.0.0/core,,,,,,,,,,,,,,
CVE-2015-8668,libtiff,4.0.1,2015,Heap Overflow,http://bugzilla.maptools.org/show_bug.cgi?id=2563#c2,Ubuntu14.04_pt,/home/pt/testsuites/tiff-4.0.1,-,-,,,,,,,,,,,,,,
CVE-2016-0728,Linux Kernel,before 4.4.1,2016,Integer Overflow | Use After Free,https://github.com/bittorrent3389/cve-2016-0728/blob/master/keyring_exp.c,Ubuntu14.04.0,/root/,/root/exploit,-,http://perception-point.io/2016/01/14/analysis-and-exploitation-of-a-linux-kernel-vulnerability-cve-2016-0728/,,,,,,,,,,,,,
CVE-2016-10092,libtiff,4.0.7,2016,Heap Overflow,00102-libtiff-heapoverflow-_TIFFmemcpy,-,-,-,-,https://blogs.gentoo.org/ago/2017/01/01/libtiff-multiple-heap-based-buffer-overflow/,,,,,,,,,,,,,
CVE-2016-10093,libtiff,4.0.7,2016,Heap Overflow,00082-libtiff-heap-overflow-cpStripToTile,-,-,-,-,https://blogs.gentoo.org/ago/2017/01/01/libtiff-multiple-heap-based-buffer-overflow/,,,,,,,,,,,,,
CVE-2016-10094,libtiff,4.0.7,2016,Heap Overflow,00112-libtiff-heapoverflow-_TIFFmemcpy,-,-,-,-,https://blogs.gentoo.org/ago/2017/01/01/libtiff-multiple-heap-based-buffer-overflow/,,,,,,,,,,,,,
CVE-2016-10095,libtiff,4.0.7,2016,Stack Overflow,00104-libtiff-stackoverflow-_TIFFVGetField,-,-,-,-,https://blogs.gentoo.org/ago/2017/01/01/libtiff-stack-based-buffer-overflow-in-_tiffvgetfield-tif_dir-c/,,,,,,,,,,,,,
CVE-2016-10251,jasper,1.900.17,2016,Integer Overflow,00029-jasper-uninitvalue-jpc_pi_nextcprl,-,-,-,-,https://blogs.gentoo.org/ago/2016/11/04/jasper-use-of-uninitialized-value-in-jpc_pi_nextcprl-jpc_t2cod-c/,,,,,,,,,,,,,
CVE-2016-10268,libtiff,4.0.7,2016,Heap Overflow,00068-libtiff-heapoverflow-_tiffWriteProc,-,-,-,-,https://blogs.gentoo.org/ago/2017/01/01/libtiff-multiple-heap-based-buffer-overflow/,,,,,,,,,,,,,
CVE-2016-10269,libtiff,4.0.7,2016,Heap Overflow,00071-libtiff-heapoverflow-_TIFFmemcpy,-,-,-,-,https://blogs.gentoo.org/ago/2017/01/01/libtiff-multiple-heap-based-buffer-overflow/,,,,,,,,,,,,,
CVE-2016-10270,libtiff,4.0.7,2016,Heap Overflow,00074-libtiff-heapoverflow-TIFFFillStrip,-,-,-,-,https://blogs.gentoo.org/ago/2017/01/01/libtiff-multiple-heap-based-buffer-overflow/,,,,,,,,,,,,,
CVE-2016-10271,libtiff,4.0.7,2016,Heap Overflow,00100-libtiff-heapoverflow-_TIFFFax3fillruns,-,-,-,-,https://blogs.gentoo.org/ago/2017/01/01/libtiff-multiple-heap-based-buffer-overflow/,,,,,,,,,,,,,
CVE-2016-10272,libtiff,4.0.7,2016,Heap Overflow,00103-libtiff-heapoverflow-NeXTDecode,-,-,-,-,https://blogs.gentoo.org/ago/2017/01/01/libtiff-multiple-heap-based-buffer-overflow/,,,,,,,,,,,,,
CVE-2016-2233,hexchat,2.10.0,2016,Stack Overflow,https://www.exploit-db.com/exploits/39657/,Ubuntu14.04_core,/home/core/hexchat/hexchat-2.10.0,/home/core/hexchat/hexchat-2.10.0/src/fe-gtk/hexchat,/home/core/hexchat/hexchat-2.10.0/src/fe-gtk/hexchat.core,,,,,,,,,,,,,,
CVE-2016-2563,putty,0.66,2016,Stack Overflow,https://www.exploit-db.com/exploits/39551/,Ubuntu14.04_core,/home/core/workspace/program/putty-0.66,/home/core/workspace/program/putty-0.66/pscp,/home/core/workspace/program/putty-0.66/core,,,,,,,,,,,,,,
CVE-2016-4557,Linux Kernel,before 4.5.5,2016,Use After Free,https://bugs.chromium.org/p/project-zero/issues/attachment?aid=232552,Ubuntu16.04.0,/root/,/root/exploit,-,,,,,,,,,,,,,,
CVE-2016-5636,python,2.7.6,2016,Integer Overflow | Heap overflow,https://bugs.python.org/issue26171,Ubuntu14.04_core,/home/core/CVE-2016-5636,/usr/bin/python,-,,,,,,,,,,,,,,
CVE-2016-7445,openjpeg,2.1.1,2016,NULL Pointer Dereference,http://www.securityfocus.com/bid/93040/info,Ubuntu14.04_pt,/home/pt/testsuites/openjpeg-2.1.1,/home/pt/testsuites/openjpeg-2.1.1/build/bin/opj_compress,-,http://www.openwall.com/lists/oss-security/2016/09/18/4,https://github.com/uclouvain/openjpeg/issues/843,,,,,,,,,,,,
CVE-2016-8676,libav,11.3,2016,Null Pointer Derefence,00042-libav-loadnullptr-get_bits_h,-,-,-,-,https://blogs.gentoo.org/ago/2016/12/01/libav-multiple-crashes-from-the-undefined-behavior-sanitizer/,,,,,,,,,,,,,
CVE-2016-8678,ImageMagick,7.0.3.0,2016,Memory Overread,00305-imagemagick-memallocfailure-AcquireAlignedMemory,-,-,-,-,https://blogs.gentoo.org/ago/2016/10/07/imagemagick-heap-based-buffer-overflow-in-ispixelmonochrome-pixel-accessor-h/,,,,,,,,,,,,,
CVE-2016-8887,jasper,1.900.5,2016,Null Pointer Derefence,00002-jasper-NULLptr-jp2_colr_destroy,-,-,-,-,https://blogs.gentoo.org/ago/2016/10/18/jasper-null-pointer-dereference-in-jp2_colr_destroy-jp2_cod-c/,,,,,,,,,,,,,
CVE-2016-9560,jasper,1.900.22,2016,Stack Overflow,00047-jasper-stackoverflow-jpc_tsfb_getbands2,-,-,-,-,https://blogs.gentoo.org/ago/2016/11/20/jasper-stack-based-buffer-overflow-in-jpc_tsfb_getbands2-jpc_tsfb-c/,,https://github.com/mdadams/jasper/issues/87,00052 is a duplicate of 00047,,,,,,,,,,
CVE-2016-9819,libav,11.8,2016,Integer Overflow,00037-libav-signedintoverflow-mpegvideo_parser,-,-,-,-,https://blogs.gentoo.org/ago/2016/12/01/libav-multiple-crashes-from-the-undefined-behavior-sanitizer/,,,,,,,,,,,,,
CVE-2016-9820,libav,11.8,2016,Integer Overflow,00039-libav-signedintoverflow-swscale_c,-,-,-,-,https://blogs.gentoo.org/ago/2016/12/01/libav-multiple-crashes-from-the-undefined-behavior-sanitizer/,,,,,,,,,,,,,
CVE-2016-9821,libav,11.8,2016,Integer Overflow,00040-libav-leftshift-utils_c,-,-,-,-,https://blogs.gentoo.org/ago/2016/12/01/libav-multiple-crashes-from-the-undefined-behavior-sanitizer/,,,,,,,,,,,,,
CVE-2017-11403,GraphicsMagick,1.3.26,2017,Use After Free,00333-graphicsmagick-UAF-CloseBlob,Ubuntu14.04_pt,/home/pt/testsuites/GraphicsMagick-1.3.26,/home/pt/testsuites/GraphicsMagick-1.3.26/utilities/gm,-,https://blogs.gentoo.org/ago/2017/09/01/graphicsmagick-use-after-free-in-closeblob-blob-c-incomplete-fix-for-cve-2017-11403/,,,,,,,,,,,,,
CVE-2017-11403,GraphicsMagick,1.3.26,2017,Use After Free,00301-graphicsmagick-UAF-CloseBlob,-,-,-,-,https://blogs.gentoo.org/ago/2017/07/12/graphicsmagick-use-after-free-in-closeblob-blob-c/,,,,,,,,,,,,,
CVE-2017-12858,libzip,1.2.0,2017,Use After Free,00239-libzip-UAF-_zip_buffer_free,Ubuntu14.04_pt,/home/pt/testsuites/libzip-1.2.0,/home/pt/testsuites/libzip-1.2.0/src/ziptool,-,https://blogs.gentoo.org/ago/2017/09/01/libzip-use-after-free-in-_zip_buffer_free-zip_buffer-c/,,,,,,,,,,,,,
CVE-2017-12936,GraphicsMagick,1.3.26,2017,Use After Free,00302-graphicsmagick-UAF-ReadWMFImage,-,-,-,-,https://blogs.gentoo.org/ago/2017/08/05/graphicsmagick-use-after-free-in-readwmfimage-wmf-c/,,,,,,,,,,,,,
CVE-2017-12937,GraphicsMagick,1.3.26,2017,Heap Overflow,00304-graphicsmagick-heapoverflow-ReadSUNImage,-,-,-,-,https://blogs.gentoo.org/ago/2017/08/05/graphicsmagick-heap-based-buffer-overflow-in-readsunimage-sun-c/,,,,,,,,,,,,,
CVE-2017-14103,GraphicsMagick,1.3.26,2017,Use After Free,00333-graphicsmagick-UAF-CloseBlob,-,-,-,-,https://blogs.gentoo.org/ago/2017/09/01/graphicsmagick-use-after-free-in-closeblob-blob-c-incomplete-fix-for-cve-2017-11403/,,,,,,,,,,,,,
CVE-2017-14638,bento4,1.5.0-617,2017,Null Pointer Dereference,00336-bento4-NULLptr-AP4_Atom_SetType,-,-,-,-,https://blogs.gentoo.org/ago/2017/09/14/bento4-null-pointer-dereference-in-ap4_atomsettype-ap4atom-h/,,,,,,,,,,,,,
CVE-2017-14639,bento4,1.5.0-617,2017,Stack Underflow,00344-bento4-stackunderflow-AP4_VisualSampleEntry_ReadFields,-,-,-,-,https://blogs.gentoo.org/ago/2017/09/14/bento4-stack-based-buffer-underflow-in-ap4_visualsampleentryreadfields-ap4sampleentry-cpp/,,,,,,,,,,,,,
CVE-2017-14640,bento4,1.5.0-617,2017,Null Pointer Dereference,00337-bento4-NULLptr-AP4_AtomSampleTable_GetSample,-,-,-,-,https://blogs.gentoo.org/ago/2017/09/14/bento4-null-pointer-dereference-in-ap4_atomsampletablegetsample-ap4atomsampletable-cpp/,,,,,,,,,,,,,
CVE-2017-14641,bento4,1.5.0-617,2017,Null Pointer Dereference,00338-bento4-NULLptr-AP4_DataAtom_AP4_DataAtom,-,-,-,-,https://blogs.gentoo.org/ago/2017/09/14/bento4-null-pointer-dereference-in-ap4_dataatomap4_dataatom-ap4metadata-cpp/,,,,,,,,,,,,,
CVE-2017-14642,bento4,1.5.0-617,2017,Null Pointer Dereference,00339-bento4-NULLptr-AP4_StdcFileByteStream_ReadPartial,-,-,-,-,https://blogs.gentoo.org/ago/2017/09/14/bento4-null-pointer-dereference-in-ap4_stdcfilebytestreamreadpartial-ap4stdcfilebytestream-cpp/,,,,,,,,,,,,,
CVE-2017-14643,bento4,1.5.0-617,2017,Heap Overflow,00341-bento4-heapoverflow-AP4_BytesToUInt32BE,-,-,-,-,https://blogs.gentoo.org/ago/2017/09/14/bento4-heap-based-buffer-overflow-in-ap4_bytestouint32be-ap4utils-h/,,,,,,,,,,,,,
CVE-2017-14644,bento4,1.5.0-617,2017,Heap Overflow,00340-bento4-heapoverflow-AP4_HdlrAtom_AP4_HdlrAtom,-,-,-,-,https://blogs.gentoo.org/ago/2017/09/14/bento4-heap-based-buffer-overflow-in-ap4_hdlratomap4_hdlratom-ap4hdlratom-cpp/,,,,,,,,,,,,,
CVE-2017-14645,bento4,1.5.0-617,2017,Heap Overflow,00335-bento4-heapoverflow-Ap4BitStream_cpp,-,-,-,-,https://blogs.gentoo.org/ago/2017/09/14/bento4-heap-based-buffer-overflow-in-ap4_bitstreamreadbytes-ap4bitstream-cpp/,,,,,,,,,,,,,
CVE-2017-14646,bento4,1.5.0-617,2017,Stack Overflow,00343-bento4-stackoverflow-AP4_VisualSampleEntry_ReadFields,-,-,-,-,https://blogs.gentoo.org/ago/2017/09/14/bento4-stack-based-buffer-overflow-in-ap4_visualsampleentryreadfields-ap4sampleentry-cpp/,,,,,,,,,,,,,
CVE-2017-14646,bento4,1.5.0-617,2017,Heap Overflow,00342-bento4-heapoverflow-AP4_DataBuffer_SetData,-,-,-,-,https://blogs.gentoo.org/ago/2017/09/14/bento4-heap-based-buffer-overflow-in-ap4_databuffersetdata-ap4databuffer-cpp/,,,,,,,,,,,,,
CVE-2017-15020,binutils,2.29.1,2017,Heap Overflow,00376-binutils-heapoverflow-parse_die,-,-,-,-,https://blogs.gentoo.org/ago/2017/10/03/binutils-heap-based-buffer-overflow-in-parse_die-dwarf1-c/,,,,,,,,,,,,,
CVE-2017-15938,binutils,2.29.1,2017,Invalid Access,00381-binutils-invalidread-find_abstract_instance_name,-,-,-,-,https://blogs.gentoo.org/ago/2017/10/24/binutils-invalid-memory-read-in-find_abstract_instance_name-dwarf2-c/,,,,,,,,,,,,,
CVE-2017-15939,binutils,2.29.1,2017,Null Pointer Dereference,00380-binutils-NULLptr-concat_filename,-,-,-,-,https://blogs.gentoo.org/ago/2017/10/24/binutils-null-pointer-dereference-in-concat_filename-dwarf2-c-incomplete-fix-for-cve-2017-15023/,,,,,,,,,,,,,
CVE-2017-5502,jasper,1.900.17,2017,DOS,00030-jasper-leftshift-jp2_dec_c,-,-,-,-,https://blogs.gentoo.org/ago/2017/01/16/jasper-multiple-crashes-with-ubsan/,,,,,,,,,,,,,
CVE-2017-5852,podofo,0.9.4,2017,Heap Overflow,00145-podofo-infiniteloop-PdfPage,-,-,-,-,https://blogs.gentoo.org/ago/2017/02/01/podofo-infinite-loop-in-podofopdfpagegetinheritedkeyfromobject-pdfpage-cpp/,,,,,,,,,,,,,
CVE-2017-5853,podofo,0.9.4,2017,Integer Overflow,00144-podofo-signintoverflow-PdfParser,-,-,-,-,https://blogs.gentoo.org/ago/2017/02/01/podofo-signed-integer-overflow-in-pdfparser-cpp/,,,,,,,,,,,,,
CVE-2017-5854,podofo,0.9.4,2017,NULL Pointer Dereference,https://blogs.gentoo.org/ago/2017/02/01/podofo-null-pointer-dereference-in-pdfoutputstream-cpp/,Ubuntu14.04_pt,/home/pt/testsuites/podofo-0.9.4,/home/pt/testsuites/podofo-0.9.4/build/tools/podofopdfinfo/podofopdfinfo,-,,,,,,,,,,,,,,
CVE-2017-5854,podofo,0.9.4,2017,Null Pointer Dereference,00143-podofo-nullptr-PdfOutputStream,-,-,-,-,https://blogs.gentoo.org/ago/2017/02/01/podofo-null-pointer-dereference-in-pdfoutputstream-cpp/,,,,,,,,,,,,,
CVE-2017-5855,podofo,0.9.4,2017,Null Pointer Dereference,00134-podofo-nullptr-pdfparser-cpp,-,-,-,-,https://blogs.gentoo.org/ago/2017/02/01/podofo-null-pointer-dereference-in-podofopdfparserreadxrefsubsection-pdfparser-cpp/,,,,,,,,,,,,,
CVE-2017-5886,podofo,0.9.4,2017,Heap Overflow,00146-podofo-heapoverflow-PdfTokenizer,-,-,-,-,https://blogs.gentoo.org/ago/2017/02/03/podofo-heap-based-buffer-overflow-in-podofopdftokenizergetnexttoken-pdftokenizer-cpp/,,,,,,,,,,,,,
CVE-2017-5974,zziplib,0.13.62,2017,Heap Overflow,00150-zziplib-heapoverflow-__zzip_get32,-,-,-,-,https://blogs.gentoo.org/ago/2017/02/09/zziplib-heap-based-buffer-overflow-in-__zzip_get32-fetch-c/,,,,,,,,,,,,,
CVE-2017-5975,zziplib,0.13.62,2017,Heap Overflow,00151-zziplib-heapoverflow-__zzip_get64,-,-,-,-,https://blogs.gentoo.org/ago/2017/02/09/zziplib-heap-based-buffer-overflow-in-__zzip_get64-fetch-c/,,,,,,,,,,,,,
CVE-2017-5976,zziplib,0.13.62,2017,Heap Overflow,00152-zziplib-heapoverflow-zzip_mem_entry_extra_block,-,-,-,-,https://blogs.gentoo.org/ago/2017/02/09/zziplib-heap-based-buffer-overflow-in-zzip_mem_entry_extra_block-memdisk-c/,,,,,,,,,,,,,
CVE-2017-5977,zziplib,0.13.62,2017,Invalid Access,00153-zziplib-invalidread-zzip_mem_entry_extra_block,-,-,-,-,https://blogs.gentoo.org/ago/2017/02/09/zziplib-invalid-memory-read-in-zzip_mem_entry_extra_block-memdisk-c/,,,,,,,,,,,,,
CVE-2017-5978,zziplib,0.13.62,2017,Memory Overread,00156-zziplib-oobread-zzip_mem_entry_new,-,-,-,-,https://blogs.gentoo.org/ago/2017/02/09/zziplib-out-of-bounds-read-in-zzip_mem_entry_new-memdisk-c/,,,,,,,,,,,,,
CVE-2017-5980,zziplib,0.13.62,2017,Null Pointer Dereference,00154-zziplib-nullptr-zzip_mem_entry_new,-,-,-,-,https://blogs.gentoo.org/ago/2017/02/09/zziplib-null-pointer-dereference-in-zzip_mem_entry_new-memdisk-c/,,,,,,,,,,,,,
CVE-2017-6840,podofo,0.9.5,2017,Invalid Access,00215-podofo-invalidread-colorchanger-cpp,-,-,-,-,https://blogs.gentoo.org/ago/2017/03/02/podofo-invalid-memory-read-in-colorchangergetcolorfromstack-colorchanger-cpp/,,,,,,,,,,,,,
CVE-2017-6842,podofo,0.9.5,2017,Null Pointer Dereference,00217-podofo-nullptr-colorchanger-cpp,-,-,-,-,https://blogs.gentoo.org/ago/2017/03/02/podofo-null-pointer-dereference-in-colorchangergetcolorfromstack-colorchanger-cpp/,,,,,,,,,,,,,
CVE-2017-6843,podofo,0.9.4,2017,Heap Overflow,00170-podofo-heapoverflow-PoDoFo-PdfTokenizer-GetNextToken,-,-,-,-,https://blogs.gentoo.org/ago/2017/03/02/podofo-heap-based-buffer-overflow-in-podofopdfvariantdelayedload-pdfvariant-h/,,,,,,,,,,,,,
CVE-2017-6847,podofo,0.9.4,2017,Null Pointer Dereference,00174-podofo-nullptr-PoDoFo-PdfVariant-DelayedLoad,-,-,-,-,https://blogs.gentoo.org/ago/2017/03/02/podofo-null-pointer-dereference-in-podofopdfvariantdelayedload-pdfvariant-h/,,,,,,,,,,,,,
CVE-2017-6848,podofo,0.9.4,2017,Null Pointer Dereference,00214-podofo-nullptr-PdfXObject-cpp,-,-,-,-,https://blogs.gentoo.org/ago/2017/03/02/podofo-null-pointer-dereference-in-podofopdfxobjectpdfxobject-pdfxobject-cpp/,,,,,,,,,,,,,
CVE-2017-6850,jasper,2.0.10,2017,Null Pointer Dereference,00124-jasper-nullptr-jp2_cdef_destroy,-,-,-,-,https://blogs.gentoo.org/ago/2017/01/25/jasper-null-pointer-dereference-in-jp2_cdef_destroy-jp2_cod-c/,,,,,,,,,,,,,
CVE-2017-6850,jasper,2.0.10,2017,Null Pointer Dereference,00124-jasper-nullptr-jp2_cdef_destroy,-,-,-,-,https://blogs.gentoo.org/ago/2017/01/25/jasper-null-pointer-dereference-in-jp2_cdef_destroy-jp2_cod-c/,,,,,,,,,,,,,
CVE-2017-6852,jasper,2.0.10,2017,Heap Overflow,00126-jasper-heapoverflow-jpc_dec_decodepkt,-,-,-,-,https://blogs.gentoo.org/ago/2017/01/25/jasper-heap-based-buffer-overflow-in-jpc_dec_decodepkt-jpc_t2dec-c/,,,,,,,,,,,,,
CVE-2017-7378,podofo,0.9.5,2017,Heap Overflow,00248-podofo-heapoverflow-PdfPainter_cpp,-,-,-,-,https://blogs.gentoo.org/ago/2017/03/31/podofo-heap-based-buffer-overflow-in-podofopdfpainterexpandtabs-pdfpainter-cpp/,,,,,,,,,,,,,
CVE-2017-7379,podofo,0.9.5,2017,Heap Overflow,00249-podofo-heapoverflow-PdfEncoding_cpp,-,-,-,-,https://blogs.gentoo.org/ago/2017/03/31/podofo-heap-based-buffer-overflow-in-podofopdfsimpleencodingconverttoencoding-pdfencoding-cpp/,,,,,,,,,,,,,
CVE-2017-7380,podofo,0.9.5,2017,Null Pointer Dereference,00250-podofo-nullptr1,-,-,-,-,https://blogs.gentoo.org/ago/2017/03/31/podofo-four-null-pointer-dereference/,,,,,,,,,,,,,
CVE-2017-7381,podofo,0.9.5,2017,Null Pointer Dereference,00251-podofo-nullptr2,-,-,-,-,https://blogs.gentoo.org/ago/2017/03/31/podofo-four-null-pointer-dereference/,,,,,,,,,,,,,
CVE-2017-7382,podofo,0.9.5,2017,Null Pointer Dereference,00251-podofo-nullptr3,-,-,-,-,https://blogs.gentoo.org/ago/2017/03/31/podofo-four-null-pointer-dereference/,,,,,,,,,,,,,
CVE-2017-7383,podofo,0.9.5,2017,Null Pointer Dereference,00252-podofo-nullptr4,-,-,-,-,https://blogs.gentoo.org/ago/2017/03/31/podofo-four-null-pointer-dereference/,,,,,,,,,,,,,
CVE-2017-7596,libtiff,4.0.7,2017,Integer Overflow,00113-libtiff-outside-float,-,-,-,-,https://blogs.gentoo.org/ago/2017/04/01/libtiff-multiple-ubsan-crashes/,,,,,,,,,,,,,
CVE-2017-7597,libtiff,4.0.7,2017,Integer Overflow,00114-libtiff-outside-float-tif_dirread,-,-,-,-,https://blogs.gentoo.org/ago/2017/04/01/libtiff-multiple-ubsan-crashes/,,,,,,,,,,,,,
CVE-2017-7599,libtiff,4.0.7,2017,Integer Overflow,00117-libtiff-outside-short-tif_dirwrite,-,-,-,-,https://blogs.gentoo.org/ago/2017/04/01/libtiff-multiple-ubsan-crashes/,,,,,,,,,,,,,
CVE-2017-7600,libtiff,4.0.7,2017,Integer Overflow,00118-libtiff-outside-unsigned-char-tif_dirwrite,-,-,-,-,https://blogs.gentoo.org/ago/2017/04/01/libtiff-multiple-ubsan-crashes/,,,,,,,,,,,,,
CVE-2017-7601,libtiff,4.0.7,2017,Integer Overflow,00119-libtiff-shift-long-tif_jpeg,-,-,-,-,https://blogs.gentoo.org/ago/2017/04/01/libtiff-multiple-ubsan-crashes/,,,,,,,,,,,,,
CVE-2017-7602,libtiff,4.0.7,2017,Integer Overflow,00121-libtiff-signintoverflow-tif_read,-,-,-,-,https://blogs.gentoo.org/ago/2017/04/01/libtiff-multiple-ubsan-crashes/,,,,,,,,,,,,,
CVE-2017-7606,ImageMagick,7.0.5.4,2017,Integer Overflow,00253-imagemagick-outsinde-unsigned-char,-,-,-,-,https://blogs.gentoo.org/ago/2017/04/02/imagemagick-undefined-behavior-in-codersrle-c/,,,,,,,,,,,,,
CVE-2017-8890,Linux Kernel,4.10.15,2017,Double Free,https://bbs.pediy.com/thread-218577.htm,Ubuntu16.04.0,/root/,/root/exploit,-,,,,,,,,,,,,,,
CVE-2017-9038,binutils,2.28,2017,Heap Overflow,00258-binutils-readelf-heapoverflow2-byte_get_little_endian,-,-,-,-,https://blogs.gentoo.org/ago/2017/05/12/binutils-multiple-crashes/,,,,,,,,,,,,,
CVE-2017-9147,libtiff,4.0.7,2017,Stack Overflow,https://www.exploit-db.com/exploits/42301,Ubuntu14.04_pt,/home/pt/testsuites/tiff-4.0.7,-,-,https://bugzilla.redhat.com/show_bug.cgi?id=603024#c9,"But does not work, I tried Ubuntu and CentOS",,,,,,,,,,,,
CVE-2017-9154,autotrace,0.31.1,2017,Invalid Access,SEGV-color.c.16-11.PBM,-,-,-,-,https://blogs.gentoo.org/ago/2017/05/20/autotrace-multiple-vulnerabilities-the-autotrace-nightmare/,,,,,,,,,,,,,
CVE-2017-9160,autotrace,0.31.1,2017,Stack Overflow,STACK-input-pnm.c-458-12.PBM,-,-,-,-,https://blogs.gentoo.org/ago/2017/05/20/autotrace-multiple-vulnerabilities-the-autotrace-nightmare/,,,,,,,,,,,,,
CVE-2017-9162,autotrace,0.31.1,2017,Integer Overflow,UNDEF-autotrace.c-191-2.PBM,-,-,-,-,https://blogs.gentoo.org/ago/2017/05/20/autotrace-multiple-vulnerabilities-the-autotrace-nightmare/,,,,,,,,,,,,,
CVE-2017-9163,autotrace,0.31.1,2017,Integer Overflow,UNDEF-pxl-outline.c-106-54.PBM,-,-,-,-,https://blogs.gentoo.org/ago/2017/05/20/autotrace-multiple-vulnerabilities-the-autotrace-nightmare/,,,,,,,,,,,,,
CVE-2017-9164,autotrace,0.31.1,2017,Heap Overflow,HEAP-color.c-16-11.BMP,-,-,-,-,https://blogs.gentoo.org/ago/2017/05/20/autotrace-multiple-vulnerabilities-the-autotrace-nightmare/,,,,,,,,,,,,,
CVE-2017-9165,autotrace,0.31.1,2017,Heap Overflow,HEAP-color.c-17-11.BMP,-,-,-,-,https://blogs.gentoo.org/ago/2017/05/20/autotrace-multiple-vulnerabilities-the-autotrace-nightmare/,,,,,,,,,,,,,
CVE-2017-9166,autotrace,0.31.1,2017,Heap Overflow,HEAP-color.c-18-11.BMP,-,-,-,-,https://blogs.gentoo.org/ago/2017/05/20/autotrace-multiple-vulnerabilities-the-autotrace-nightmare/,,,,,,,,,,,,,
CVE-2017-9167,autotrace,0.31.1,2017,Heap Overflow,HEAP-input-bmp.c-337-25.BMP,-,-,-,-,https://blogs.gentoo.org/ago/2017/05/20/autotrace-multiple-vulnerabilities-the-autotrace-nightmare/,,,,,,,,,,,,,
CVE-2017-9168,autotrace,0.31.1,2017,Heap Overflow,HEAP-input-bmp.c-353-25.BMP,-,-,-,-,https://blogs.gentoo.org/ago/2017/05/20/autotrace-multiple-vulnerabilities-the-autotrace-nightmare/,,,,,,,,,,,,,
CVE-2017-9168,autotrace,0.31.1,2017,Heap Overflow,SEGV-input-bmp.c-353-25.BMP,-,-,-,-,https://blogs.gentoo.org/ago/2017/05/20/autotrace-multiple-vulnerabilities-the-autotrace-nightmare/,,,,,,,,,,,,,
CVE-2017-9169,autotrace,0.31.1,2017,Heap Overflow,HEAP-input-bmp.c-355-25.BMP,-,-,-,-,https://blogs.gentoo.org/ago/2017/05/20/autotrace-multiple-vulnerabilities-the-autotrace-nightmare/,,,,,,,,,,,,,
CVE-2017-9170,autotrace,0.31.1,2017,Heap Overflow,HEAP-input-bmp.c-370-25.BMP,-,-,-,-,https://blogs.gentoo.org/ago/2017/05/20/autotrace-multiple-vulnerabilities-the-autotrace-nightmare/,,,,,,,,,,,,,
CVE-2017-9170,autotrace,0.31.1,2017,Heap Overflow,SEGV-input-bmp.c-370-25.BMP,-,-,-,-,https://blogs.gentoo.org/ago/2017/05/20/autotrace-multiple-vulnerabilities-the-autotrace-nightmare/,,,,,,,,,,,,,
CVE-2017-9171,autotrace,0.31.1,2017,Heap Overflow,HEAP-input-bmp.c-492-24.BMP,-,-,-,-,https://blogs.gentoo.org/ago/2017/05/20/autotrace-multiple-vulnerabilities-the-autotrace-nightmare/,,,,,,,,,,,,,
CVE-2017-9172,autotrace,0.31.1,2017,Heap Overflow,HEAP-input-bmp.c-496-29.BMP,-,-,-,-,https://blogs.gentoo.org/ago/2017/05/20/autotrace-multiple-vulnerabilities-the-autotrace-nightmare/,,,,,,,,,,,,,
CVE-2017-9173,autotrace,0.31.1,2017,Heap Overflow,HEAP-input-bmp.c-497-29.BMP,-,-,-,-,https://blogs.gentoo.org/ago/2017/05/20/autotrace-multiple-vulnerabilities-the-autotrace-nightmare/,,,,,,,,,,,,,
CVE-2017-9174,autotrace,0.31.1,2017,Invalid Access,SEGV-color.c-21-23.BMP,-,-,-,-,https://blogs.gentoo.org/ago/2017/05/20/autotrace-multiple-vulnerabilities-the-autotrace-nightmare/,,,,,,,,,,,,,
CVE-2017-9177,autotrace,0.31.1,2017,Invalid Access,SEGV-input-bmp.c-390-12.BMP,-,-,-,-,https://blogs.gentoo.org/ago/2017/05/20/autotrace-multiple-vulnerabilities-the-autotrace-nightmare/,,,,,,,,,,,,,
CVE-2017-9180,autotrace,0.31.1,2017,Invalid Access,SEGV-input-bmp.c-440-14.BMP,-,-,-,-,https://blogs.gentoo.org/ago/2017/05/20/autotrace-multiple-vulnerabilities-the-autotrace-nightmare/,,,,,,,,,,,,,
CVE-2017-9182,autotrace,0.31.1,2017,Use After Free,UAF-color.c-16-11.BMP,-,-,-,-,https://blogs.gentoo.org/ago/2017/05/20/autotrace-multiple-vulnerabilities-the-autotrace-nightmare/,,,,,,,,,,,,,
CVE-2017-9183,autotrace,0.31.1,2017,Integer Overflow,UNDEF-autotrace.c-309-7.BMP,-,-,-,-,https://blogs.gentoo.org/ago/2017/05/20/autotrace-multiple-vulnerabilities-the-autotrace-nightmare/,,,,,,,,,,,,,
CVE-2017-9184,autotrace,0.31.1,2017,Integer Overflow,UNDEF-autotrace.c-314-7.BMP,-,-,-,-,https://blogs.gentoo.org/ago/2017/05/20/autotrace-multiple-vulnerabilities-the-autotrace-nightmare/,,,,,,,,,,,,,
CVE-2017-9186,autotrace,0.31.1,2017,Integer Overflow,UNDEF-autotrace.c-326-17.BMP,-,-,-,-,https://blogs.gentoo.org/ago/2017/05/20/autotrace-multiple-vulnerabilities-the-autotrace-nightmare/,,,,,,,,,,,,,
CVE-2017-9189,autotrace,0.31.1,2017,Heap Overflow,UNKNOWN-color.c-16-11.BMP,-,-,-,-,https://blogs.gentoo.org/ago/2017/05/20/autotrace-multiple-vulnerabilities-the-autotrace-nightmare/,,,,,,,,,,,,,
CVE-2017-9190,autotrace,0.31.1,2017,Invalid Free,BADFREE-bitmap.c-24-5.TGA,-,-,-,-,https://blogs.gentoo.org/ago/2017/05/20/autotrace-multiple-vulnerabilities-the-autotrace-nightmare/,,,,,,,,,,,,,
CVE-2017-9191,autotrace,0.31.1,2017,Heap Overflow,HEAP-input-tga.c-252-15.TGA,-,-,-,-,https://blogs.gentoo.org/ago/2017/05/20/autotrace-multiple-vulnerabilities-the-autotrace-nightmare/,,,,,,,,,,,,,
CVE-2017-9192,autotrace,0.31.1,2017,Heap Overflow,HEAP-input-tga.c-528-7.TGA,-,-,-,-,https://blogs.gentoo.org/ago/2017/05/20/autotrace-multiple-vulnerabilities-the-autotrace-nightmare/,,,,,,,,,,,,,
CVE-2017-9193,autotrace,0.31.1,2017,Heap Overflow,HEAP-input-tga.c-538-33.TGA,-,-,-,-,https://blogs.gentoo.org/ago/2017/05/20/autotrace-multiple-vulnerabilities-the-autotrace-nightmare/,,,,,,,,,,,,,
CVE-2017-9194,autotrace,0.31.1,2017,Heap Overflow,HEAP-input-tga.c-559-29.TGA,-,-,-,-,https://blogs.gentoo.org/ago/2017/05/20/autotrace-multiple-vulnerabilities-the-autotrace-nightmare/,,,,,,,,,,,,,
CVE-2017-9195,autotrace,0.31.1,2017,Heap Overflow,HEAP-input-tga.c-620-27.TGA,-,-,-,-,https://blogs.gentoo.org/ago/2017/05/20/autotrace-multiple-vulnerabilities-the-autotrace-nightmare/,,,,,,,,,,,,,
CVE-2017-9196,autotrace,0.31.1,2017,Integer Overflow,NEGATIVESIZE-input-tga.c-528-7.TGA,-,-,-,-,https://blogs.gentoo.org/ago/2017/05/20/autotrace-multiple-vulnerabilities-the-autotrace-nightmare/,,,,,,,,,,,,,
CVE-2017-9204,imageworsener,1.3.1,2017,Invalid Access,00281-imageworsener-invalidread-iw_get_ui16le,-,-,-,-,https://blogs.gentoo.org/ago/2017/05/20/imageworsener-multiple-vulnerabilities/,,,,,,,,,,,,,
CVE-2017-9205,imageworsener,1.3.1,2017,Invalid Access,00282-imageworsener-invalidread-iw_get_ui16be,-,-,-,-,https://blogs.gentoo.org/ago/2017/05/20/imageworsener-multiple-vulnerabilities/,,,,,,,,,,,,,
CVE-2017-9206,imageworsener,1.3.1,2017,Heap Overflow,00283-imageworsener-heapoverflow-iw_get_ui16le,-,-,-,-,https://blogs.gentoo.org/ago/2017/05/20/imageworsener-multiple-vulnerabilities/,,,,,,,,,,,,,
CVE-2017-9207,imageworsener,1.3.1,2017,Heap Overflow,00284-imageworsener-heapoverflow-iw_get_ui16be,-,-,-,-,https://blogs.gentoo.org/ago/2017/05/20/imageworsener-multiple-vulnerabilities/,,,,,,,,,,,,,
EDB-10334,VLC Media Player,1.0.3,2009,Heap Overflow,https://www.exploit-db.com/exploits/10334/,Ubuntu8.10,/home/exploit/vlc/,/usr/bin/vlc,-,,,,,,,,,,,,,,
EDB-10617,Printoxx,2.1.2,2009,BSS/Data Overflow,https://www.exploit-db.com/exploits/10617/,Ubuntu11.04,/home/dzm77/printoxx/,/home/dzm77/printoxx/printoxx-2.1.2/core,-,,,,,,,,,,,,,,
EDB-10634,picpuz,2.1.1,2009,BSS/Data Overflow,https://www.exploit-db.com/exploits/10634/,Ubuntu11.04,/home/dzm77/picpuz/picpuz-2.1.1,/home/dzm77/picpuz/picpuz-2.1.1/picpuz,/home/dzm77/picpuz/picpuz-2.1.1/core,https://www.exploit-db.com/apps/56e8033746739abe34ef84e6458bf27f-picpuz-2.1.1.tar.gz,,,,,,,,,,,,,
EDB-11644,Flare,0.6,2010,Heap Overflow,https://www.exploit-db.com/exploits/11644/,Ubuntu11.04,/home/dzm77/flare/,/home/dzm77/flare/flare,-,,,,,,,,,,,,,,
EDB-14083,Scite Text Editor,1.76,2010,Stack Overflow,https://www.exploit-db.com/exploits/14083/,Ubuntu11.04,/home/dzm77/Scite/,/home/dzm77/Scite/scite/bin/scite,-,,,,,,,,,,,,,,
EDB-14452,Lucid Lynx ftp Client,0.17-19b1,2010,Stack Overflow,https://www.exploit-db.com/exploits/14452/,Ubuntu10.04,/home/exploit/inetutils/,-,-,,,,,,,,,,,,,,
EDB-14904,FCrackZip,1,2010,BSS/Data Overflow,https://www.exploit-db.com/exploits/14904/,Ubuntu10.04,/home/exploit/FCrackZip/fcrackzip-1.0,/home/exploit/FCrackZip/fcrackzip-1.0/fcrackzip    ,/home/exploit/FCrackZip/fcrackzip-1.0/core,,,,,,,,,,,,,,
EDB-15054,RarCrack,0.2,2010,BSS/Data Overflow,https://www.exploit-db.com/exploits/15054,Ubuntu10.04,/home/exploit/rarcrack,/home/exploit/rarcrack/rarcrack-0.2/rarcrack,/home/exploit/rarcrack/core,,,,,,,,,,,,,,
EDB-15062,RarCrack,0.2,2010,BSS/Data Overflow,https://www.exploit-db.com/exploits/15062,Ubuntu10.04,/home/exploit/rarcrack,/home/exploit/rarcrack/rarcrack-0.2/rarcrack,-,,,,,,,,,,,,,,
EDB-15705,inetutils,1.8,2010,Heap Overflow ,https://www.exploit-db.com/exploits/15705/,Ubuntu10.04,/home/exploit/inetutils/inetutils-1.8,/home/exploit/inetutils/inetutils-1.8/ftp/ftp,/home/exploit/inetutils/inetutils-1.8/ftp/core.inet,,,,,,,,,,,,,,
EDB-17611,unrar,3.9.3,2011,Stack Overflow,https://www.exploit-db.com/exploits/17611/,CentOS6.5,/home/core/Unrar,/home/core/Unrar/unrar/unrar,/home/core/Unrar/core.noprotector,,,,,,,,,,,,,,
EDB-17806,11.04 ftp client,,2011,Stack Overflow,https://www.exploit-db.com/exploits/17806/,Ubuntu11.04,/home/dzm77/ftpclient/,/usr/bin/ftp,-,,,,,,,,,,,,,,
EDB-19987,ptunnel,0.72,2012,DOS,https://www.exploit-db.com/exploits/19987/,CentOS6.5,/home/core/PingTunnel,/home/core/PingTunnel/ptunnel,-,,,,,,,,,,,,,,
EDB-20479,Pure-FTPd,1.0.21,2012,Null Pointer Dereference,https://www.exploit-db.com/exploits/20479/,CentOS6.5,/home/core/pure-ftpd-1.0.21,/home/core/pure-ftpd-1.0.21/src/pure-ftpd,-,,,,,,,,,,,,,,
EDB-23523,gdb,7.5.1,2012,NULL Pointer Dereference,https://www.exploit-db.com/exploits/23523/,Ubuntu14.04_pt,/home/pt/testsuites/NonMemoryCorruption/gdb-7.5.1,/home/pt/testsuites/NonMemoryCorruption/gdb-7.5.1/gdb/gdb,-,,,,,,,,,,,,,,
EDB-25411,No-IP Dynamic Update Client,2.1.9-1,2013,Stack Overflow,https://www.exploit-db.com/exploits/25411/,Ubuntu11.04,/home/dzm77/noip,/home/dzm77/noip/noip-2.1.9-1/noip2,/home/dzm77/noip/core,,,,,,,,,,,,,,
EDB-26915,Blender BlenLoader,2.x,2005,Integer Overflow,https://www.exploit-db.com/exploits/26915/,CentOS6.5,/home/core/blender,/home/core/blender/blender-2.40alpha2-linux-glibc232-py23-i386/blender,-,,,,,,,,,,,,,,
EDB-28679,Evince PDF Reader,3.4.0 (Linux),2013,NULL Pointer Dereference,https://www.exploit-db.com/exploits/28679,Ubuntu12.04,/home/ubuntu/evince,/usr/bin/evince,/home/ubuntu/evince/core.evince,,,,,,,,,,,,,,
EDB-30142,GDB,6.6,2007,Stack Overflow,https://www.exploit-db.com/exploits/30142/,Ubuntu11.04,/home/dzm77/gdb/,/home/dzm77/gdb/gdb-6.6/gdb/gdb,-,,,,,,,,,,,,,,
EDB-31761,GoAhead Web Server,3.1.x,2014,Heap Overflow,https://www.exploit-db.com/exploits/31761/,Ubuntu12.04,/home/ubuntu/GoAhead,/usr/local/bin/goahead,-(glibc detected),,,,,,,,,,,,,,
EDB-31761,GoAhead Web Server,3.1.x,2014,Invalid Access,https://www.exploit-db.com/exploits/31761/,Ubuntu12.04,/home/ubuntu/GoAhead,/usr/local/bin/goahead,-,,,,,,,,,,,,,,
EDB-31761,GoAhead Web Server,3.1.x,2014,Null Pointer Dereference,https://www.exploit-db.com/exploits/31761/,Ubuntu12.04,/home/ubuntu/GoAhead,/usr/local/bin/goahead,-,,,,,,,,,,,,,,
EDB-31915,GoAhead Web Server,3.1.x,2014,Heap overflow,https://www.exploit-db.com/exploits/31915,Ubuntu12.04,/home/ubuntu/GoAhead,/usr/local/bin/goahead,-(glibc detected),,,,,,,,,,,,,,
EDB-33251,Python,2.7.5,2014,Heap Overflow,https://www.exploit-db.com/exploits/33251,CentOS6.5,/home/core/python,/home/core/python/,/home/core/python/core.6577,,,,,,,,,,,,,,
EDB-33949,pcre,6,2010,Stack Overflow,https://www.exploit-db.com/exploits/33949/,Ubuntu8.10,/home/exploit/pcre/pcre-8.00,/home/exploit/pcre/pcre-8.00/.libs/lt-pcretest,/home/exploit/pcre/pcre-8.00/core,,,,,,,,,,,,,,
EDB-34164,make,3.81,2014,Heap Overflow,https://www.exploit-db.com/exploits/34164/,Ubuntu14.04_core,/home/core/make/make-3.81,/home/core/make/make-3.81/make,/home/core/make/make-3.81/make.core,,,,,,,,,,,,,,
EDB-35450,vfu,4.1,2014,Stack Overflow,https://www.exploit-db.com/exploits/35450/,Ubuntu10.04,/home/exploit/vfu/,/home/exploit/vfu/vfu-4.10/vfu/vfu,/home/exploit/vfu/core,,,,,,,,,,,,,,
EDB-36024,Chemtool,1.6.14,2015,Stack Overflow,https://www.exploit-db.com/exploits/36024,Ubuntu14.04_core,/home/core/chemtool,/home/core/chemtool/chemtool-1.6.14/chemtool,- (compilation options need modify),"Keep this case in order to show ""Learn from other pocs""",,,,,,,,,,,,,
EDB-36024,Chemtool,1.6.14,2015,Stack Overflow,https://www.exploit-db.com/exploits/36024,Ubuntu14.04_core,/home/core/chemtool,/home/core/chemtool/chemtool-1.6.14/chemtool,- (compilation options need modify),,,,,,,,,,,,,,
EDB-36229,vfu,4.1,2015,Stack Overflow,https://www.exploit-db.com/exploits/36229/,Ubuntu10.04,/home/exploit/vfu/vfu_test,/home/exploit/vfu/vfu_test/vfu-4.10/vfu/vfu,/home/exploit/vfu/vfu_test/core,,,,,,,,,,,,,,
EDB-36388,Brasero CD/DVD Burner,3.4.1,2015,DOS,https://www.exploit-db.com/exploits/36388,Ubuntu12.04,/home/ubuntu/Brasero,/usr/bin/brasero,-,,,,,,,,,,,,,,
EDB-36881,TestDisk,6.14,2015, Stack Overflow,https://www.exploit-db.com/exploits/36881,Ubuntu14.04_core,/home/core/testdisk,/home/core/testdisk/testdisk-6.14/src/testdisk,/home/core/testdisk/core (stack smashing detected),,,,,,,,,,,,,,
EDB-37546,File Roller,v3.4.1,2015,DOS,https://www.exploit-db.com/exploits/37546,Ubuntu12.04,/home/ubuntu/FileRoller,/usr/bin/file-roller,-,,,,,,,,,,,,,,
EDB-37743,Brasero,3.4.1,2015,DOS,https://www.exploit-db.com/exploits/37743,Ubuntu12.04,/home/ubuntu/Brasero,/usr/bin/brasero,-,,,,,,,,,,,,,,
EDB-37777,NetKit FTP Client,(Ubuntu 14.04),2015,Stack Overflow,https://www.exploit-db.com/exploits/37777,Ubuntu14.04_core,/home/core/netkit-ftp/netkit-ftp-0.17/ftp,/home/core/netkit-ftp/netkit-ftp-0.17/ftp/ftp,- (compilation modify),,,,,,,,,,,,,,
EDB-37975,ZSNES,1.51,2015,Stack Overflow,https://www.exploit-db.com/exploits/37975,Ubuntu14.04_core,/home/core/zsnes,/usr/local/bin/zsnes,/home/core/zsnes/core,,,,,,,,,,,,,,
EDB-37987,FENIX,0.92,2015,Stack Overflow,https://www.exploit-db.com/exploits/37987/,Ubuntu10.04,/home/exploit/Fenix/fxi,/home/exploit/Fenix/fxi/src/fxi,/home/exploit/Fenix/fxi/src/fenix.core,,,,,,,,,,,,,,
EDB-37988,bsign,0.4.5,2015,NULL Pointer Dereference,https://www.exploit-db.com/exploits/37988/,Ubuntu11.04,/home/dzm77/bsign/bsign-0.4.5,/home/dzm77/bsign/bsign-0.4.5/bsign,/home/dzm77/bsign/bsign-0.4.5/core,,,,,,,,,,,,,,
EDB-38597,Motion,3.2.12,2013,Stack Overflow,https://www.exploit-db.com/exploits/38597,Ubuntu12.04,/home/ubuntu/motion,/home/ubuntu/motion/motion-3.2.12/motion ,/home/ubuntu/motion/core,,,,,,,,,,,,,,
EDB-38616,Python,2.7,2015,Use After Free,https://www.exploit-db.com/exploits/38616/,Ubuntu14.04_core,/home/core/workspace/program/Python-2.7,/home/core/workspace/program/Python-2.7/python,/home/core/workspace/program/Python-2.7/python.core,https://bugs.python.org/issue24613,,,,,,,,,,,,,
EDB-38617,Python,2.7,2015,Integer Overflow,https://www.exploit-db.com/exploits/38617/,Ubuntu14.04_core,/home/core/workspace/program/Python-2.7,/home/core/workspace/program/Python-2.7/python,/home/core/workspace/program/Python-2.7/python.core1,,,,,,,,,,,,,,
EDB-38681,fbzx,2.5.0,2015,Stack Overflow,https://www.exploit-db.com/exploits/38681/,Ubuntu10.04,/home/exploit/fbzx-2.5.0,/home/exploit/fbzx-2.5.0/fbzx,/home/exploit/fbzx-2.5.0/core,,,,,,,,,,,,,,
EDB-38685,tack,1.0.7,2015,BSS/Data Overflow,https://www.exploit-db.com/exploits/38685/,Ubuntu14.04_core,/home/core/tack,/usr/bin/tack,/home/core/tack/core,,,,,,,,,,,,,,
EDB-38857,Gnome Nautilus,3.16,2015,DOS,https://www.exploit-db.com/exploits/38857,Ubuntu14.04_core,/home/core/nautilus,/usr/bin/nautilus,,,,,,,,,,,,,,,
EDB-39285,xWPE,1.5.30a-2.1,2016,Stack Overflow,https://www.exploit-db.com/exploits/39285/,Ubuntu14.04_core,/home/core/xwpe/,/home/core/xwpe/xwpe-1.5.30a,-,,,,,,,,,,,,,,
EDB-39406,ytree,1.94,2016,BSS/Data Overflow,https://www.exploit-db.com/exploits/39406/,Ubuntu14.04_core,/home/core/ytree/ytree-1.94,/home/core/ytree/ytree-1.94/ytree,/home/core/ytree/ytree-1.94/ytree.core,https://www.exploit-db.com/apps/ec1de8e477006a4b2bf4218e3d9b9776-ytree-1.94.tar.gz,,,,,,,,,,,,,
EDB-39502,GpicView ,0.2.5,2016,DOS,https://www.exploit-db.com/exploits/39502,Ubuntu14.04_core,/home/core/gpicview/gpicview-0.2.5,/home/core/gpicview/gpicview-0.2.5/src/gpicview,-,,,,,,,,,,,,,,
EDB-39673,Mess Emulator,0.154-3.1,2016,Stack Overflow,https://www.exploit-db.com/exploits/39673,root@192.168.176.156,/root/mess/,/usr/games/mess,/root/mess/core,,,,,,,,,,,,,,
EDB-39692,TI Emulator,3.03,2016,Stack Overflow,https://www.exploit-db.com/exploits/39692/,Ubuntu14.04_core,/usr/bin/tiemu,-,-,,,,,,,,,,,,,,
EDB-39733,Rough Auditing Tool for Security (RATS),2.3,2016,DOS,https://www.exploit-db.com/exploits/39733,Ubuntu14.04_core,/home/core/rats/rats-2.3,/usr/local/bin/rats,/home/core/rats/rats-2.3/core,,,,,,,,,,,,,,
EDB-39734,Yasr Screen Reader,0.6.9,2016,Stack Overflow,https://www.exploit-db.com/exploits/39734,Ubuntu14.04_core,/home/core/yasr,/usr/local/bin/yasr,- (modify compile options),,,,,,,,,,,,,,
EDB-39747,Rough Auditing Tool for Security (RATS),2.3,2016,DOS,https://www.exploit-db.com/exploits/39747,Ubuntu14.04_core,/home/core/rats,/usr/local/bin/rats,/home/core/rats/core,,,,,,,,,,,,,,
EDB-39764,TRN Threaded USENET News Reader,3.6-23,2016,Stack Overflow,https://www.exploit-db.com/exploits/39764,root@192.168.176.156,/root/trn,/usr/bin/trn,/root/trn/core,,,,,,,,,,,,,,
EDB-39800,Nfdump Nfcapd,1.6.14,2016,Heap Overflow,https://www.exploit-db.com/exploits/39800,Ubuntu12.04,/home/ubuntu/nfdump,/usr/local/bin/nfcapd,/home/ubuntu/nfdump/core.nfdump,http://www.security-assessment.com/files/documents/advisory/Nfdump%20nfcapd%201.6.14%20-%20Multiple%20Vulnerabilities.pdf,,,,,,,,,,,,,
EDB-39810,NRSS Reader,0.3.9,2016,Invalid Free,https://www.exploit-db.com/exploits/39810,root@192.168.176.156,/root/nrss/nrss-0.3.9,/root/nrss/nrss-0.3.9,/root/nrss/nrss-0.3.9,,,,,,,,,,,,,,
EDB-39842,4digits,1.1.4,2016,Stack Overflow,https://www.exploit-db.com/exploits/39842,Ubuntu12.04,/home/ubuntu/Downloads/4digits-1.1.4,/home/ubuntu/Downloads/4digits-1.1.4/4digits-text,/home/ubuntu/Downloads/4digits-1.1.4/core,,,,,,,,,,,,,,
EDB-39875,TCPDump,4.5.1,2016,Integer Overflow,https://www.exploit-db.com/exploits/39875,Ubuntu14.04_core,/home/core/tcpdump,/home/core/tcpdump/tcpdump-4.5.1/tcpdump,/home/core/tcpdump/core,http://www.mutepig.club/index.php/archives/62/,,,,,,,,,,,,,
EDB-40023,PInfo, 0.6.9-5.1,2016,Stack Overflow,https://www.exploit-db.com/exploits/40023,root@192.168.176.156,/root/pinfo,/root/pinfo/pinfo-0.6.9/src/pinfo,/root/pinfo/pinfo-0.6.9/src/core.pinfo,,,,,,,,,,,,,,
EDB-40025,HNB,1.9.18-10,2016,Stack Overflow,https://www.exploit-db.com/exploits/40025,root@192.168.176.156,/root/hnb/hnb-1.9.18/src,/root/hnb/hnb-1.9.18/src/hnb,/root/hnb/hnb-1.9.18/src/core,,,,,,,,,,,,,,
EDB-8205,JDKChat,1.5,2009,Integer Overflow,https://www.exploit-db.com/exploits/8205/,Ubuntu11.04,/home/dzm77/jdkchat/,/home/dzm77/jdkchat/jdkchat-1.5/jdkchat,-,,,,,,,,,,,,,,
EDB-890,psutils,psutils-p17,2005,Stack Overflow,https://www.exploit-db.com/exploits/890/,CentOS6.5,/home/core/psutils/psutils,/home/core/psutils/psutils/psnup,/home/core/psutils/psutils/core.2499,,,,,,,,,,,,,,
EDB-9264,stftp ,1.1.0,2009,Stack Overflow,https://www.exploit-db.com/exploits/9264/,OpenSUSE,/home/core/STFTP/stftp-1.1.0,/home/core/STFTP/stftp-1.1.0/stftp,/home/core/STFTP/stftp-1.1.0/core,,,,,,,,,,,,,,
N/A,binutils,2.28,2017,Memory Leak,https://sourceware.org/bugzilla/show_bug.cgi?id=21877,Docker,https://hub.docker.com/r/mudongliang/binutils-21880/,-,-,https://hub.docker.com/r/mudongliang/binutils-21880/,,,,,,,,,,,,,
N/A,binutils,2.28,2017,Memory Leak,https://sourceware.org/bugzilla/show_bug.cgi?id=21878,Docker,https://hub.docker.com/r/mudongliang/binutils-21880/,-,-,https://hub.docker.com/r/mudongliang/binutils-21880/,,,,,,,,,,,,,
N/A,binutils,2.28,2017,Memory Leak,https://sourceware.org/bugzilla/show_bug.cgi?id=21880,Docker,https://hub.docker.com/r/mudongliang/binutils-21880/,-,-,https://hub.docker.com/r/mudongliang/binutils-21880/,,,,,,,,,,,,,
N/A,libtiff,4.0.7,2016,Null Pointer Dereference,00056-libtiff-nullptr-TIFFReadRawData,-,-,-,-,https://blogs.gentoo.org/ago/2017/01/01/libtiff-null-pointer-dereference-in-tiffreadrawdata-tiffinfo-c/,,,,,,,,,,,,,
N/A,libtiff,4.0.7,2016,Stack Overflow,00110-libtiff-memcpy-param-overlap-_TIFFmemcpy,-,-,-,-,https://blogs.gentoo.org/ago/2017/01/01/libtiff-memcpy-param-overlap-in-_tiffmemcpy-tif_unix-c/,,,,,,,,,,,,,
N/A,libtiff,4.0.7,2016,Invalid Access,00111-libtiff-invalidread-t2p_writeproc,-,-,-,-,https://blogs.gentoo.org/ago/2017/01/01/libtiff-invalid-memory-read-in-t2p_writeproc-tiff2pdf-c/,,,,,,,,,,,,,
N/A,libtiff,4.0.7,2016,Heap Overflow,00066-libtiff-heapoverflow-TIFFReverseBits,-,-,-,-,https://blogs.gentoo.org/ago/2017/01/01/libtiff-multiple-heap-based-buffer-overflow/,,,,,,,,,,,,,
N/A,libtiff,4.0.7,2016,Heap Overflow,00067-libtiff-heapoverflow-tiffcp,-,-,-,-,https://blogs.gentoo.org/ago/2017/01/01/libtiff-multiple-heap-based-buffer-overflow/,,,,,,,,,,,,,
N/A,libtiff,4.0.7,2016,Heap Overflow,00079-libtiff-heapoverflow-cpSeparateBufToContigBuf,-,-,-,-,https://blogs.gentoo.org/ago/2017/01/01/libtiff-multiple-heap-based-buffer-overflow/,,,,,,,,,,,,,
N/A,libtiff,4.0.7,2016,Heap Overflow,00108-libtiff-heapoverflow-PSDataBW,-,-,-,-,https://blogs.gentoo.org/ago/2017/01/01/libtiff-multiple-heap-based-buffer-overflow/,,,,,,,,,,,,,
N/A,libtiff,4.0.7,2016,Heap Overflow,00107-libtiff-heapoverflow-PSDataColorContig,-,-,-,-,https://blogs.gentoo.org/ago/2017/01/01/libtiff-multiple-heap-based-buffer-overflow/,,,,,,,,,,,,,
N/A,libtiff,4.0.7,2016,Heap Overflow,00101-libtiff-heapoverflow-combineSeparateSamples16bits,-,-,-,-,https://blogs.gentoo.org/ago/2017/01/01/libtiff-multiple-heap-based-buffer-overflow/,,,,,,,,,,,,,
N/A,libtiff,4.0.7,2016,Heap Overflow,00109-libtiff-heapoverflow-putcontig8bitYCbCr44tile,-,-,-,-,https://blogs.gentoo.org/ago/2017/01/01/libtiff-multiple-heap-based-buffer-overflow/,,,,,,,,,,,,,
N/A,autotrace,0.31.1,2017,Heap Overflow,UNDEF-autotrace.c-516-63.BMP,-,-,-,-,https://blogs.gentoo.org/ago/2017/05/20/autotrace-multiple-vulnerabilities-the-autotrace-nightmare/,,,,,,,,,,,,,
N/A,autotrace,0.31.1,2017,Integer Overflow,UNDEF-input-tga.c.TGA,-,-,-,-,https://blogs.gentoo.org/ago/2017/05/20/autotrace-multiple-vulnerabilities-the-autotrace-nightmare/,,,,,,,,,,,,,
N/A,podofo,0.9.4,2017,Null Pointer Dereference,00133-podofo-nullptr-pdfinfo-cpp,-,-,-,-,https://blogs.gentoo.org/ago/2017/02/01/podofo-null-pointer-dereference-in-pdfinfoguessformat-pdfinfo-cpp/,,,,,,,,,,,,,
N/A,zziplib,0.13.62,2017,Null Pointer Dereference,00155-zziplib-nullptr-main,-,-,-,-,https://blogs.gentoo.org/ago/2017/02/09/zziplib-null-pointer-dereference-in-main-unzzipcat-mem-c/,,,,,,,,,,,,,
N/A,zziplib,0.13.62,2017,Invalid Access,00160-zziplib-misalignedadd-memdisk_c,-,-,-,-,https://blogs.gentoo.org/ago/2017/02/09/zziplib-load-of-misaligned-address-in-memdisk-c/,,,,,,,,,,,,,